HH_no,Qa,hh_gender,hh_age,spouse_gender,spouse_age,child1_gender,child1_age,child2_gender,child2_age,child3_gender,child3_age,child4_gender,child4_age,child5_gender,child5_age,child6_gender,child6_age,Q7.1c,Q7.2c,Q7.3c,Q7.4c,Q7.5c,Q7.6c,Q7.7c,Q7.8c,Q7.9c,Q7.10c,Q7.11c,Q7.12c,Q7.13c,Q7.14c,Q7.15c,Q7.16c,Q7.17c,Q7.18c,Q7.19c,Q7.20c,Q7.21c,Q7.22c,Q7.23c,Q7.24c,Q7.25c,Q7.26c,Q7.27c,Q7.28c,Q7.29c,Q7.2.1,Q7.2.2,Q7.2.3,Q7.2.4,Q7.2.5,Q7.2.6,Q7.2.7,Q7.2.8,Q7.2.9,Q7.2.10,Q7.2.11,Q7.2.12,Q7.2.13,Q7.2.14,Q7.2.15,Q7.2.16,Q7.2.17,Q7.2.18
ID047,Kericho,Male,29,Female,24,Female,12,Female,5,, ,, ,, ,,,140,160,,,250,,,0,,60,,120,,,,20,,140,,,70,,100,,20,,,,,3000,200,0,0,400,150,0,30,0,25,100,200,0,20,0,0,0,800
ID064,Kericho,Male,50,Female,43,Female,16,Male,12,, ,, ,, ,,,180,420,200,,50,,,600,,,,,,,,140,,,,,150,,400,,50,,,,,0,40,0,0,0,200,0,100,250,15,60,1000,500,200,1000,500,0,0
ID101,Kericho,Male,43,Female,40,Female,7,Female,5,, ,, ,, ,,,350,350,,,,,,400,,,,,,,,140,,,,,140,,,,150,,,,,0,150,0,0,500,500,300,200,100,50,100,500,500,500,500,900,0,0
ID120,Kericho,Female,31,Male,35,Female,13,Female,10,, ,, ,, ,,,200,250,,,,,,400,,,,,,,,,,,,,,,,,,,,,,0,800,0,800,500,500,200,280,0,50,100,0,2000,100,0,0,0,0
ID136,Kericho,Male,53,Female,49,Female,21,Male,16,, ,, ,, ,,,350,350,200,,,,,300,,,,,,,,70,,,,,600,,,,200,,,,,0,0,0,0,500,208,200,200,200,20,200,200,500,500,0,200,0,0
ID198,Nyamira,Female,43,Male,49,Male,6,Female,5,, ,, ,, ,,,,350,100,180,250,90,,180,,50,,,,,,100,,350,,,120,,200,20,20,,,,,0,800,0,0,0,600,100,160,100,120,0,300,0,80,2040,200,0,0
ID210,Kericho,Male,53,Female,50,Male,23,Female,17,, ,, ,, ,,,,0,200,,2,280,,300,,,,,,,,350,,,,,250,,300,,90,,,,,0,0,0,0,1200,200,25,200,100,10,0,0,500,50,0,200,0,0
ID220,Kericho,Male,37,Female,32,Male,6,Female,5,, ,, ,, ,,,400,400,,,50,,,,,,,,,,,,,0,,,125,,200,,75,,,,,0,200,0,0,1000,200,100,200,500,200,200,500,200,400,0,500,0,0
ID237,Kericho,Female,39,Male,42,Male,3,Female,2,, ,, ,, ,,,200,100,,,,,,,,,,,,,,,,,,,,,,,,,,,,0,200,200,400,300,100,500,400,600,800,100,200,4,0,1000,1000,0,0
ID239,Kericho,Male,45,Female,41,Female,19,Male,14,, ,, ,, ,,,,20,100,,50,50,,150,,,30,,,,,0,,120,,,80,,100,,100,,,,,0,100,0,0,0,120,40,100,100,30,0,3000,0,20,40,200,0,0
ID244,Kericho,Female,28,Male,35,Male,4,Female,3,Female,2,Male,2,,,,,,0,0,,,400,,800,,,,,,,,,,0,,,150,,200,,50,,,,,0,100,150,0,500,300,200,250,200,20,150,900,0,200,1200,200,0,0
ID251,Kericho,Male,30,Female,27,Male,13,Male,10,, ,, ,, ,,,400,400,,,,,,,,,,,,,,,,,,,,,,,,,,,,0,200,0,0,0,100,100,2000,100,100,100,100,200,100,200,100,0,1000
ID268,Kericho,Male,43,Female,38,Female,11,Male,8,, ,, ,, ,,,,280,,,,,,,,,,,,,,70,,150,,,60,60,100,10,,,,,,0,0,0,600,300,100,60,30,50,20,100,300,0,50,100,100,0,3000
ID295,Nyamira,Female,25,Male,30,Male,2,Female,1,, ,, ,, ,,,160,20,100,,,,,250,,,,,,,,,,,300,,110,,100,60,40,,,,,0,300,0,0,500,500,100,0,50,30,0,3000,0,100,0,400,0,0
ID303,Kericho,Male,55,Female,48,Female,21,Male,16,Male,12,Male,9,Female,7,,,,50,200,,,200,,400,,0,,,,,,0,,0,,,220,,200,,100,,,,,0,0,0,0,700,0,500,2000,1000,50,0,0,0,200,0,300,0,0
ID310,Kericho,Male,38,Female,35,Female,6,Male,5,Male,3,, ,, ,,,,800,,,,150,0,3,,200,,,,,,,,350,0,,400,,500,15,,25,,,,0,500,0,0,0,0,0,250,250,30,0,200,0,0,0,500,0,0
ID311,Kericho,Male,32,Female,28,Male,9,, ,, ,, ,, ,,,250,250,300,,100,,,400,,60,,,,,,100,,120,200,,100,,200,,50,,,,,0,150,0,600,0,100,100,100,100,50,0,500,200,50,500,300,0,0
ID323,Kericho,Male,50,Female,45,Male,22,Female,17,, ,, ,, ,,,400,400,,,,,,,,,,,,,,70,,,,,130,,350,,75,,,,,0,80,0,0,0,200,200,200,150,100,0,0,800,400,500,500,0,0
ID334,Nyamira,Male,44,Female,39,Female,4,Male,3,, ,, ,, ,,,,390,75,,,,,,,100,,,,850,,0,,,,,,,,,,,,,,0,0,0,0,0,45,55,110,70,30,100,200,0,90,0,250,0,0
ID335,Kericho,Female,49,Male,53,Male,18,Female,14,, ,, ,, ,,,100,100,,,,,,,,,,,,,,,,,,,,,,,,,,,,0,688,800,200,600,50,500,0,0,100,0,200,300,400,200,100,500,600
ID341,Kericho,Male,37,Female,31,Female,6,Male,5,, ,, ,, ,,,,0,100,,50,,,,,,,,200,,,210,,0,,,130,,200,,80,,,,,0,0,0,0,0,800,200,150,500,50,0,0,500,200,0,0,0,0
ID365,Kericho,Female,41,Male,47,Female,3,Female,2,, ,, ,, ,,,,140,,,,50,,,,50,,,,,,,0,,,,60,,150,,,25,,100,,0,0,0,0,2000,0,0,150,150,30,0,1500,0,0,0,600,0,0
ID369,Kericho,Female,51,Male,57,Male,16,Female,12,, ,, ,, ,,,240,180,,,,,,400,,,,,,,800,0,,350,,100,,,200,,50,,,,,0,100,0,800,500,250,100,100,100,20,150,600,0,50,350,500,0,0
ID375,Kericho,Male,44,Female,37,Male,4,Female,3,Female,2,Female,2,,,,,,360,,,,,,,,,,200,,,,200,,200,,,70,,300,,50,,,,,0,30,0,200,400,140,100,100,0,20,50,1000,0,200,200,100,0,1000
ID398,Nyamira,Female,43,Male,47,Female,12,Male,9,Male,7,, ,, ,,,,300,200,,,,,,,,,,,,,150,,,2250,,120,,200,10,20,,,,,0,200,0,0,0,200,0,150,0,100,0,100,0,0,0,200,0,0
ID401,Kericho,Female,43,Male,49,Male,2,Female,1,Female,1,Female,1,, ,,,200,100,100,,50,,,200,,75,,,,,,80,,120,,,100,,100,,50,,,,,0,60,0,500,0,0,50,120,50,30,0,2500,200,50,0,500,0,0
ID410,Kericho,Female,35,Male,38,Female,8,Female,6,, ,, ,, ,,,,30,200,,,600,,400,,0,,,,,,350,,0,,,50,,300,,50,,,,,0,300,0,0,0,300,100,250,100,25,50,500,0,300,450,200,0,0
ID414,Kericho,Female,29,Male,33,Female,11,Female,8,Female,6,Male,5,Male,4,Female,,,0,,,,,,0,,,,,,,,0,,0,,,450,,700,,450,,,,,0,0,0,0,500,250,400,250,300,20,250,600,0,100,400,500,0,0
ID416,Nyamira,Female,43,Male,50,Male,8,, ,, ,, ,, ,,,,20,,,,,,,,,,,,,,0,,0,,,110,,25,60,,,,,,0,200,0,0,0,150,0,150,0,30,0,2000,2000,0,0,200,0,0
ID425,Kericho,Female,43,Male,46,Male,5,Male,4,Male,3,, ,, ,,,100,30,,,,350,,200,,,,,,,,200,140,350,,,140,,200,10,50,,,,,0,0,0,0,1000,480,0,130,100,30,0,300,0,100,0,600,0,0
ID441,Nyamira,Male,43,Female,40,Female,4,, ,, ,, ,, ,,,,320,120,140,,,,70,,,,,,,,,,490,,,250,,100,30,,,,,,0,70,0,300,0,60,0,150,0,30,0,500,500,0,0,300,0,0
ID457,Kericho,Female,53,Male,56,Male,15,Female,11,, ,, ,, ,,,,0,200,,,,,0,,,,,,,,0,,150,,,220,,200,,90,,,,,0,0,0,0,0,300,100,100,0,20,0,1208,0,1600,0,200,0,0
ID459,Kericho,Female,38,Male,41,Male,8,Male,6,, ,, ,, ,,,,140,,,,,,400,,,,,,,,,,0,,,,,200,,180,,,,,0,300,0,0,1000,100,400,100,200,50,0,500,0,100,0,100,0,0
ID474,Kericho,Male,42,Female,37,Male,11,, ,, ,, ,, ,,,,150,200,,,,,80,,,,,,,,50,,350,,,,,,,,,,,,0,0,0,50,50,50,150,150,150,30,0,0,0,150,0,0,0,3000
ID481,Nyamira,Female,27,Male,34,Male,5,Male,4,Male,3,, ,, ,,,,280,,,,,,,,,,,,,,,250,,300,,,,100,,,,,,,0,200,0,800,0,0,95,300,0,35,0,1500,0,50,0,400,0,0
ID482,Nyamira,Male,46,Female,42,Male,17,Male,13,, ,, ,, ,,,240,240,,,,,,,,,,,,,,0,,,,,,,,,,,,,,0,60,0,0,0,0,0,150,0,30,0,0,0,20,4000,50,0,0
ID485,Nyamira,Female,38,Male,43,Female,2,Female,2,Male,,,,,,,,,560,200,,,,,,,,,,,,,150,,,,,380,,,,,,,,,0,200,0,500,0,200,0,360,400,100,240,800,300,70,0,500,0,0
ID488,Kericho,Male,50,Female,43,Male,24,Female,18,, ,, ,, ,,,,40,200,,,,,200,,,,,,,,0,,0,,,110,,150,,50,,,,,0,300,0,0,0,400,200,320,150,30,0,500,0,800,1200,500,0,0
ID490,Kericho,Female,52,Male,58,Male,21,Male,16,, ,, ,, ,,,,50,100,,50,,,200,,30,,,,,,200,,420,,,100,,100,,50,,,,,0,0,0,500,0,0,0,240,100,50,0,500,0,50,200,500,0,0
ID502,Nyamira,Female,39,Male,46,Female,6,Male,5,Female,3,, ,, ,,,,30,,,,,,,,,,,,,,,0,,,,170,,100,15,,,,,,0,200,0,0,200,600,100,0,50,30,0,3000,0,100,0,50,0,0
ID505,Kericho,Male,32,Female,27,Female,2,Male,2,Female,1,, ,, ,,,,200,300,,,,,0,,,,,,,,350,,0,,,220,,700,,,200,,,,0,0,0,0,200,360,200,260,200,20,125,500,0,200,120,300,0,0
ID514,Nyamira,Male,42,Female,35,Male,6,Male,5,Female,3,Female,3,, ,,,,210,200,300,,,60,210,,62,,,,,,90,,100,250,,210,,200,15,,25,,,,0,2,0,0,0,350,0,150,0,150,0,0,0,200,350,210,0,0
ID524,Kericho,Female,39,Male,43,Female,13,Female,10,Male,7,Male,6,Female,4,,,,600,200,,,,,250,,,,,,,,100,100,350,,,210,,200,50,25,,,,,0,0,0,600,0,0,250,150,160,50,0,0,0,250,0,300,0,0
ID526,Nyamira,Male,48,Female,42,Male,17,Female,13,, ,, ,, ,,,,310,,,,150,,120,,50,,,,,,80,,150,,,1500,,550,20,20,,,,,0,100,0,500,0,100,0,350,0,30,0,300,0,100,0,150,0,0
ID528,Kericho,Male,27,Female,21,Male,6,Female,5,Female,3,, ,, ,,,,100,,,,,,,,,,,,,,,50,90,,,50,,100,50,50,,,,,0,0,0,150,150,0,100,100,0,50,0,0,0,50,0,100,0,3000
ID531,Kericho,Female,41,Male,48,Male,3,Female,2,, ,, ,, ,,,180,180,,,150,,,200,,45,,,,,,240,,280,,,100,,100,,25,,,,,0,0,0,200,300,0,200,400,200,30,100,500,0,100,50,500,0,0
ID556,Nyamira,Male,26,Female,19,Male,9,Female,7,Female,5,, ,, ,,,,400,,,,,,,,,,,,,,100,,,,,,,,,,,,,,0,200,0,0,0,0,50,300,100,0,0,0,0,0,3000,200,0,0
ID558,Kericho,Male,33,Female,30,Male,3,Female,2,Male,2,Female,1,Female,1,,,,100,,,,,,200,,,,,,,,350,,0,,,130,,700,,200,,,,,0,450,0,0,0,480,100,200,0,20,0,500,0,200,200,400,0,0
ID572,Kericho,Female,42,Male,46,Female,13,Female,10,, ,, ,, ,,,,490,,,,,,,,,,,,,,210,,,,,70,,350,,20,,,,,0,0,0,0,0,600,100,0,0,20,0,500,0,50,1600,200,0,0
ID578,Kericho,Female,49,Male,55,Male,23,Male,17,Female,13,Male,10,Male,7,Female,,,40,200,,,400,,400,,,,,,,,0,,0,,,70,,200,,80,,,,,0,400,0,0,0,200,100,200,100,20,150,500,0,100,400,800,0,0
ID592,Nyamira,Male,44,Female,38,Female,12,, ,, ,, ,, ,,,600,60,,,,,,,,,,,,,,40,,,,,100,,150,30,,,,,,0,150,0,0,0,300,0,0,0,30,200,850,0,100,0,500,0,0
ID604,Kericho,Female,46,Male,50,Female,21,Male,16,Female,12,, ,, ,,,350,350,,,1,,,600,,45,,,,,,50,,350,,,200,,100,,50,,,,,0,140,0,150,0,0,0,100,50,30,0,250,0,0,200,250,0,0
ID607,Kericho,Male,48,Female,45,Male,25,Male,19,, ,, ,, ,,,,150,,,,,,,,,,,,,,70,,0,,,70,,200,,,,,,,0,100,0,0,0,0,2003,120,200,50,0,0,0,200,0,200,0,0
ID608,Kericho,Female,44,Male,51,Female,5,, ,, ,, ,, ,,,,0,300,,,,,0,,,,,,,,0,,0,,,150,,100,,50,,,,,0,100,150,0,250,200,100,0,0,20,0,500,0,100,1500,500,0,0
ID617,Nyamira,Male,37,Female,32,Female,13,Female,10,Female,7,Male,6,Female,4,,,,380,400,,,,,180,,60,,,,,,90,,150,,,180,,300,15,20,,,,,0,260,0,0,0,450,50,150,0,150,0,250,0,150,890,800,0,0
ID623,Nyamira,Male,51,Female,45,Female,24,Male,18,Female,14,, ,, ,,,700,20,100,,,,,250,,,,,,,,,,,,,120,,100,50,20,,,,,0,100,0,0,0,240,0,0,150,30,0,300,0,100,0,200,0,0
ID633,Kericho,Male,50,Female,47,Female,19,, ,, ,, ,, ,,,,,,,50,,,,,30,100,,,,,100,,60,,,120,,100,,50,,,,,0,200,0,200,0,0,200,100,100,30,0,2300,0,0,50,200,0,0
ID645,Nyamira,Male,52,Female,49,Male,19,, ,, ,, ,, ,,,,225,,,,,,400,,,,,,,,100,,,,,,220,200,,,,,,,0,1250,0,0,0,0,60,400,360,50,0,0,0,80,0,400,0,0
ID653,Nyamira,Male,45,Female,38,Female,23,Male,17,Male,13,, ,, ,,,,150,100,,,,60,120,,50,,,,,,100,,250,,60,120,,100,10,20,,,,,0,1,0,0,500,300,0,50,0,50,0,200,0,60,0,200,0,0
ID661,Nyamira,Male,46,Female,41,Male,20,Male,15,Female,11,Female,9,Female,6,,,,250,300,,250,60,,80,,82,,,,,,80,,150,350,,210,,110,10,15,,,,,0,210,0,0,0,150,0,100,0,120,0,650,0,350,250,350,0,0
ID665,Nyamira,Male,33,Female,29,Male,13,Female,10,Male,7,Male,6,, ,,,,150,120,,250,,,,,,,,,,,150,,250,,200,120,,200,10,50,,,,,0,0,0,0,0,250,50,150,0,50,0,750,0,0,0,60,0,0
ID666,Kericho,Male,54,Female,48,Female,15,Male,11,Male,9,, ,, ,,,,0,,,,,,,,,,,,,,70,,,,,150,,,,,,,,,0,95,0,0,0,50,200,200,500,100,200,500,1000,100,300,500,0,0
ID672,Nyamira,Female,26,Male,32,Female,2,Female,2,, ,, ,, ,,,,120,200,,,80,,200,,,,,,,,80,,100,150,,120,,100,10,20,,,,,0,400,0,0,0,450,50,150,50,150,0,320,0,50,500,200,0,0
ID674,Nyamira,Male,41,Female,38,Female,4,Female,3,Male,2,Male,2,, ,,,420,460,,,,,,250,,,,,,,,100,,,,,130,,100,15,,,,,,0,500,0,200,0,150,0,0,100,30,0,0,0,150,0,50,0,0
ID689,Nyamira,Male,55,Female,51,Male,22,Female,17,, ,, ,, ,,,,480,250,130,,,,150,,,,,,,,,,,,,,,,,,,,,,0,0,0,0,1000,150,170,150,150,30,0,1200,0,200,0,240,0,0
ID698,Nyamira,Female,36,Male,40,Male,3,Female,2,, ,, ,, ,,,320,40,,,,,250,,,,,,,,,,,,150,,220,,200,15,,,,,,0,150,0,0,0,300,150,300,0,60,0,1200,0,0,0,300,0,0
ID708,Nyamira,Female,31,Male,36,Male,11,Male,8,, ,, ,, ,,,,210,200,,150,,,200,,60,,,,,,80,,100,,50,200,,,5,20,,,,,0,3,240,0,0,250,0,150,0,120,0,0,0,110,650,1000,0,0
ID718,Kericho,Female,28,Male,35,Male,11,Male,8,Male,6,Female,5,, ,,,150,150,300,,100,,,400,,45,,,,,,200,,240,,,70,,200,,50,,,,,0,2,120,0,0,0,50,120,100,30,0,500,0,100,50,300,0,0
ID724,Nyamira,Male,41,Female,35,Female,13,Male,10,Female,7,Female,6,, ,,,,50,,,,,,,,,,,,,,100,,,,,,,,,,,,,,0,0,0,0,350,0,0,200,0,0,50,0,0,20,3000,150,0,0
ID726,Kericho,Female,44,Male,47,Male,12,Male,9,Female,7,Male,5,, ,,,,30,,,100,140,,200,,,,,,,,50,,350,,,200,,100,,60,,,,,0,200,0,400,0,480,200,250,200,30,100,500,0,200,0,100,0,0
ID729,Kericho,Male,30,Female,23,Male,9,, ,, ,, ,, ,,,,30,200,,,,,400,,,,,,,,0,,0,,,150,,200,,50,,,,,0,200,0,0,0,150,100,100,0,20,50,500,0,100,1200,500,0,0
ID737,Kericho,Female,30,Male,35,Male,8,Male,6,Male,5,, ,, ,,,60,20,200,,300,0,,0,,0,,,420,,,0,,0,,,150,,100,20,50,,,,,0,0,0,0,600,100,200,200,200,30,0,0,0,300,500,600,0,0
ID741,Kericho,Female,35,Male,40,Female,3,Male,2,Female,2,Female,1,, ,,,,350,300,200,,,,,,,,,,,,0,,0,,,200,,100,,20,,0,,,0,0,0,0,0,0,500,300,200,50,0,0,0,200,0,100,0,0
ID744,Kericho,Male,42,Female,38,Female,8,Male,6,Female,5,Female,3,, ,,,350,350,,,,,,200,,60,,,,,,210,,200,,,100,,100,,50,,,,,0,280,0,0,0,0,0,100,50,20,0,250,0,200,200,250,0,0
ID748,Nyamira,Male,38,Female,33,Male,13,Male,10,Male,7,Female,6,, ,,,360,60,,,,,,,,,,,,,,,,,0,,280,,200,15,,,,,,0,240,0,0,0,100,100,200,50,30,0,700,0,80,0,400,0,0
ID753,Kericho,Female,36,Male,41,Female,10,Female,8,Female,6,Female,4,Male,3,,,,40,400,,,,,200,,,,,,,,250,,280,,,,,200,,100,,,,,0,4,200,0,0,250,250,250,0,30,0,500,0,200,500,100,0,0
ID756,Kericho,Male,41,Female,38,Male,3,Male,2,Female,2,Female,1,Female,3,,,,200,,,,,,,,,,,,,,,,210,,,50,,200,,,,,,,0,0,0,700,250,0,0,150,200,50,0,0,0,50,0,100,0,1800
ID758,Nyamira,Male,42,Female,36,Female,6,Female,5,, ,, ,,,,,,160,50,,,,,,,,,,,,,,,,,,,,,,,,,,,0,0,0,300,175,1440,0,1440,0,30,0,300,0,0,0,0,0,0
ID780,Nyamira,Male,44,Female,39,Male,3,Female,2,Male,2,, ,,,,,,200,210,,,,,120,,60,,,,,,100,,250,,,100,,120,10,20,,,,,0,200,0,0,0,100,50,450,0,30,0,400,0,30,0,150,0,0
ID786,Nyamira,Male,33,Female,27,Male,8,Female,6,Female,5,, ,,,,,500,550,,,,,,,,,,,,,,150,,,,,,,,,,,,,,0,500,0,0,0,300,0,0,0,30,80,2000,8,0,0,50,0,0
ID795,Nyamira,Female,30,Male,33,Female,8,Female,6,Female,5,, ,,,,,,350,,,,,,450,,,,,,,,,0,,0,,,,,,,,,,,0,200,0,0,0,0,50,800,0,50,0,200,200,50,50,1000,0,0
ID798,Kericho,Male,43,Female,40,Male,9,Female,7,, ,, ,,,,,,0,0,,,0,,,,,,,,,,0,,0,,,130,,200,20,50,,,,,0,0,0,0,2000,0,50,120,500,30,100,0,0,500,0,50,0,0
ID805,Nyamira,Male,25,Female,19,Female,13,Female,10,Female,7,, ,,,,,,30,,,,,,,,90,,,,,,0,,0,0,,216,,100,30,100,,,,,0,400,0,500,0,100,0,150,120,30,0,500,500,30,0,200,0,0
ID807,Nyamira,Male,41,Female,34,Male,7,Female,5,Female,4,, ,,,,,,40,,,,,,0,,,,,,,,0,,,,,,220,200,,,,,,,0,0,0,0,300,0,200,360,400,30,0,800,0,40,0,500,0,8
ID823,Nyamira,Male,31,Female,28,Male,9,Male,7,, ,, ,,,,,,560,,,,,,40,,,,,,,,50,,,,,,100,,,,,,,,0,500,0,0,0,0,0,300,200,30,0,0,0,20,0,100,0,0
ID824,Nyamira,Female,49,Male,53,Male,22,Male,17,Male,12,, ,,,,,,30,90,,,140,,,,,,,,,,0,,,300,,,,,,,,,,,0,0,0,1000,0,300,50,200,150,50,0,500,0,120,0,600,0,0
ID827,Kericho,Male,31,Female,28,Female,5,, ,Female,,, ,,,,,70,,,,,,,200,,,,,,,,70,,,,,130,,100,,160,,,,,0,150,0,0,0,150,300,500,200,50,200,0,0,0,0,0,0,0
ID829,Kericho,Male,45,Female,39,Male,16,Female,12,Male,9,, ,,,,,,0,200,,,0,,0,,,,,,,,0,,0,,,80,,300,,50,,,,,0,100,0,0,300,250,200,200,0,20,180,200,0,50,150,300,0,0
ID836,Nyamira,Male,29,Female,25,Male,5,Female,4,Female,3,, ,,,,,,40,,,,,,,,,,,,,,0,,420,,,220,,200,,,,,,,0,0,40,0,800,640,100,640,0,30,0,240,0,0,0,300,0,0
ID848,Kericho,Male,48,Female,42,Female,21,Male,16,Female,12,, ,,,,,150,150,,,50,,,200,,50,,,,,,100,,120,,,100,,,,,,,,,0,300,0,0,0,0,0,0,0,30,0,250,0,0,300,250,0,0
ID857,Kericho,Female,33,Male,40,Male,2,Female,1,Male,,,,,,,,150,150,100,,50,,,200,,45,,,,,,120,,180,,,,,100,,50,,,,,0,100,0,0,0,0,200,200,50,30,0,200,350,50,300,500,0,0
ID862,Kericho,Female,32,Male,35,Female,3,Female,2,Male,2,, ,,,,,100,300,,,,0,,200,,,,,,,,100,,210,,,200,,100,,10,,,,,0,0,0,0,0,150,100,100,0,20,0,500,0,100,500,200,0,0
ID889,Nyamira,Female,26,Male,31,Male,2,Female,2,, ,, ,,,,,480,80,,,,,,,,,,,,,,,,,,,180,,100,20,,,,,,0,350,0,0,250,550,100,30,100,30,100,1000,0,50,0,50,0,0
ID891,Kericho,Female,27,Male,32,Female,4,, ,, ,, ,,,,,150,150,,,,,,200,,30,,,,,,140,,280,,,100,,300,,25,,,,,0,50,0,300,0,0,0,140,0,30,0,300,0,30,0,500,0,0
ID896,Nyamira,Male,26,Female,20,Male,2,Female,1,, ,, ,,,,,160,160,200,,,,,,,,,,,,,0,,,,,125,,,,,,,,,0,100,0,800,0,200,0,300,0,35,0,800,0,100,0,200,0,0
ID898,Kericho,Female,54,Male,60,Male,18,Male,14,Female,10,Male,8,Female,,,,400,400,100,,50,,,200,,80,,,,,,150,,180,,,100,,200,,50,,,,,0,70,0,0,0,0,120,100,50,30,0,0,500,100,60,1000,0,0
ID901,Nyamira,Male,38,Female,33,Female,11,Female,8,Female,6,Female,5,Female,,,,,420,,,,,,200,,,,,,,,100,,,60,,120,,120,20,20,,,,,0,300,0,0,0,600,50,0,50,120,0,350,0,150,200,200,0,0
ID907,Kericho,Male,43,Female,39,Male,4,Female,3,, ,, ,,,,,,140,,,,,,,,,,,,,,0,,80,,,50,,100,,30,,,,,0,300,0,0,0,200,50,0,0,20,0,2000,0,100,300,80,0,0
ID913,Nyamira,Male,43,Female,39,Female,5,Male,4,Male,3,Female,2,Male,,,,,260,200,,,,80,150,,30,,,,,,60,,,150,,210,,,15,15,,,,,0,240,0,0,0,350,0,70,0,90,0,0,0,100,760,0,0,0
ID921,Kericho,Male,43,Female,39,Female,13,Female,10,, ,, ,,,,,,20,,,,,,,,0,,,,,,,,350,,,130,,100,,50,,,,,0,50,0,0,0,50,100,100,0,50,0,200,0,1500,0,100,0,0
ID922,Nyamira,Male,45,Female,41,Male,16,Female,12,, ,, ,,,,,,240,,,,,,,,10,250,,,,,100,,200,,50,120,,100,15,30,,,,,0,200,0,500,0,100,0,440,0,100,0,300,0,60,0,200,0,0
ID932,Kericho,Male,40,Female,36,Male,10,Female,8,Male,6,, ,,,,,100,150,100,,50,,,200,,50,,,,,,50,,100,,,,,100,,,,,,,0,100,0,0,0,0,200,100,50,30,0,500,0,50,100,600,0,0
ID935,Nyamira,Male,55,Female,50,Male,23,Female,17,Male,13,, ,,,,,,40,,,,,,0,,,,,,,,60,,,,,120,,200,60,,,,,,0,500,0,1200,0,300,100,250,0,30,0,200,0,0,0,0,0,0
ID952,Kericho,Male,53,Female,46,Male,23,Female,17,, ,, ,,2,,2,280,40,,,,200,,,,,,,,,,210,140,280,,,70,,100,10,20,,,,,0,0,0,500,500,300,100,50,100,30,150,500,0,40,0,0,0,0
ID954,Kericho,Female,26,Male,32,Male,2,Female,1,, ,, ,,,,,,0,200,,,,,0,,,,,,,,0,,0,,,150,,300,,50,,,,,0,500,0,0,0,150,100,100,0,20,0,500,0,100,400,200,0,0
ID959,Nyamira,Male,53,Female,48,Male,22,Female,17,Female,12,, ,,,,,,30,100,,,150,,,,,,,,,,,,,300,,560,,100,60,,,,,,0,100,0,210,0,120,0,0,0,30,80,300,0,0,500,150,0,0
ID962,Nyamira,Female,25,Male,31,Female,4,Male,2,Female,1,Female,1,,2,,,,50,600,,250,,400,,,,,,,,,,,420,,,,,,,,,,,,0,200,0,800,0,150,200,150,100,30,0,0,0,100,0,80,0,0
ID963,Nyamira,Female,50,Male,55,Female,19,Female,14,Female,11,, ,,,,,,30,50,,,,,0,,,,,,,,,,0,,,120,,200,10,,,,,,0,200,0,0,0,300,200,30,250,20,160,0,0,40,0,1500,0,8
ID969,Nyamira,Female,49,Male,54,Female,18,Female,14,, ,, ,,,,,,550,,,,,,,,,,,,,,250,,1000,0,,100,,50,,,,,,,0,100,0,0,0,150,0,150,50,35,0,300,300,60,200,700,0,0
ID971,Nyamira,Female,38,Male,45,Female,4,, ,, ,, ,,,,,,30,100,,,,,,,75,,,,,,0,,,,,220,,200,20,70,,,,,0,170,0,0,0,300,60,160,0,30,80,600,8,20,0,800,0,0
ID981,Nyamira,Male,50,Female,46,Male,24,Male,18,, ,, ,,,,,,30,,,,,,,,,,,,,,0,,,,0,,110,,,,,,,,0,0,0,1500,650,0,0,150,140,30,0,500,0,30,0,50,0,0
ID983,Nyamira,Male,37,Female,33,Female,3,Female,2,Male,2,Female,1,,,,,,500,,,,,,0,,,,,,,,150,,,,,,,,,,,,,,0,200,0,0,0,0,0,375,300,35,0,1000,0,100,200,200,0,0
ID988,Kericho,Male,35,Female,29,Male,3,Female,2,Female,2,Female,1,,,,,150,250,,,,,,200,,,,,,,,50,,180,,,100,,100,,25,,,,,0,200,0,0,0,50,200,150,200,30,0,250,0,50,200,500,0,0
ID999,Nyamira,Female,45,Male,49,Female,20,Female,15,Male,11,Female,9,Male,,,,,350,300,,,,,200,,60,,,,,,100,,100,,,110,,200,10,20,,,,,0,3,260,0,0,550,50,250,0,210,0,150,0,140,40,200,0,0
ID1001,Nyamira,Female,36,Male,41,Female,4,Female,3,Female,2,Male,2,,,,,,300,,,,,,0,,,,,,,,300,,,,,200,,100,,,,,,,0,100,0,800,0,0,100,440,100,35,0,100,0,50,0,200,0,0
ID1006,Nyamira,Male,33,Female,26,Male,2,Female,1,Female,1,Female,1,,,,,,400,,,,,,750,,,,,,,,100,,,,,,,,,,,,,,0,500,0,0,0,0,210,200,100,40,0,0,0,30,600,0,0,0
ID1007,Kericho,Male,40,Female,33,Female,9,Female,7,, ,, ,,,,,,150,,,1,,,200,,45,,,,,,,,,,,100,,,25,25,,,,,0,0,0,0,0,0,0,0,0,0,0,0,0,0,0,0,0,2000
ID1012,Kericho,Male,33,Female,29,Female,13,Female,10,Male,7,Male,6,,,,,100,200,,,,,,100,,45,,,,,,80,,180,,,50,,100,,25,,,,,0,200,0,0,0,0,50,150,100,20,0,250,0,50,60,500,0,0
ID1014,Nyamira,Female,45,Male,50,Female,25,Female,19,Male,14,Male,11,,,,,,390,,,,,,100,,,150,,,,,200,,100,80,,120,,120,15,20,,,,,0,200,0,0,0,50,0,450,350,30,0,700,0,50,50,50,0,0
ID1016,Nyamira,Male,31,Female,24,Male,9,Female,7,Female,5,, ,,,,,,360,,,,,,,,,,,,,,100,,,,,210,,120,10,10,,,,,0,200,0,500,0,300,0,50,0,30,0,200,0,100,300,100,0,0
ID1023,Nyamira,Male,38,Female,35,Female,4,Male,3,Male,2,Female,2,,,,,,350,300,,,,,160,,60,,,,,,100,,150,120,,210,,200,,20,,,,,0,3,240,0,0,350,0,150,0,150,0,100,100,150,350,0,0,0
ID1024,Kericho,Female,49,Male,54,Male,23,Male,17,Female,13,, ,,,,,,900,,,100,,,,,,,,,,,,,,,,100,,150,,,,,,,0,240,0,400,258,0,200,200,200,30,100,0,0,100,0,100,0,0
ID1025,Kericho,Female,43,Male,50,Female,4,Male,2,, ,, ,,,,,150,150,,,,,,,,,,,,,,100,,100,,,50,,100,20,50,,,,,0,200,0,0,0,0,100,200,50,10,0,1000,0,50,0,500,0,0
ID1032,Nyamira,Female,35,Male,38,Male,6,Female,5,Female,3,Male,3,Female,,,,,80,,,,,,,,,,,,,,0,,0,,,130,,180,,30,,,,,0,120,0,0,0,200,0,200,0,30,0,400,400,480,0,800,0,0
ID1034,Kericho,Male,44,Female,40,Female,1,Female,1,Female,1,Female,1,,,,,150,150,,,100,,,100,,50,,,,,,100,,200,,,75,,100,40,50,,,,,0,100,0,0,0,0,50,100,50,30,0,500,0,50,50,500,0,0
ID1044,Kericho,Male,42,Female,39,Male,9,Male,7,Female,5,Male,4,Female,,,,150,150,,,,,,200,,,,,,,,100,,200,,,100,,100,,25,,,,,0,200,0,0,0,0,200,200,150,30,0,300,0,100,200,500,0,0
ID1045,Nyamira,Female,41,Male,48,Female,13,Female,10,, ,, ,,,,,,150,210,,,60,,100,,,,,,,,50,,90,100,,210,,100,15,,,,,,0,3,0,200,0,350,0,90,0,130,0,60,0,130,30,250,0,0
ID1046,Kericho,Male,40,Female,33,Female,1,Female,1,Female,1,Female,1,,,,,,200,,,,,,200,,,,,,,,50,,60,,,100,,100,25,25,,,,,0,100,0,0,0,50,150,100,50,30,0,250,0,50,250,500,0,0
ID1051,Nyamira,Male,28,Female,22,Male,7,Female,5,Male,4,, ,,,,,,300,,,,,,200,,,,,,,,60,,100,50,,120,,120,10,20,,,,,0,100,0,0,0,350,0,0,0,100,0,0,0,10,0,300,0,0
ID1054,Nyamira,Male,46,Female,42,Male,23,, ,, ,, ,,,,,,90,,,,,,,,36,,,,,,0,,,,,,180,,,,,,,,0,160,0,0,0,0,0,300,0,30,240,960,0,20,0,100,0,0
ID1066,Kericho,Female,52,Male,56,Male,19,, ,, ,, ,,,,,,0,400,,,,,400,,,,,,,,70,,315,,,,,300,,20,,,,,0,0,0,0,300,150,100,100,0,20,150,0,0,100,0,500,0,0
ID1071,Kericho,Male,40,Female,34,Female,9,Female,7,Male,5,Female,4,Male,,,,,,400,,,200,,,,0,,,,,,100,,0,,,120,,300,50,50,50,,,,0,300,0,300,0,0,0,200,0,30,0,0,0,50,200,100,0,0
ID1072,Kericho,Female,44,Male,47,Male,8,Male,6,Female,5,Male,3,,,,,300,50,,,,,,,,,,,,,,400,,100,,,230,,100,50,50,,,,,0,0,0,0,0,400,0,0,0,30,0,1000,300,200,0,300,0,0
ID1085,Nyamira,Male,42,Female,38,Male,13,Male,10,Male,7,Male,6,,,,,,70,,,,,,,,,,,,,,400,,,,,,,,,,,,,,0,200,0,0,0,100,50,150,0,10,0,200,200,100,1000,320,0,0
ID1089,Kericho,Male,32,Female,27,Female,7,Female,5,Female,4,Male,3,,,,,,420,100,,,,,,,,,,,,,350,,80,,,50,,100,,25,,,,,0,250,0,0,0,140,50,120,0,30,50,600,0,100,0,200,0,0
ID1092,Nyamira,Female,38,Male,44,Female,7,Female,5,Male,4,, ,,3,,,,320,300,,,,100,,,,,,,,,80,,150,,,210,,100,10,20,,,,,0,160,0,0,0,600,50,150,100,120,0,480,0,50,350,100,0,0
ID1098,Nyamira,Female,38,Male,43,Male,6,Male,5,Female,3,Female,3,,,,,,350,300,,150,,,120,,,,,,,,150,,150,450,,,,250,20,20,,,,,0,2,0,0,0,350,0,250,0,200,150,150,0,150,50,250,0,0
ID1111,Nyamira,Male,42,Female,39,Male,4,, ,, ,, ,,,,,,1070,100,,,,,70,,30,,,,,,0,,,,,150,,100,15,18,,,,,0,100,0,0,0,120,0,250,0,25,0,40,40,0,0,600,0,0
ID1121,Nyamira,Male,33,Female,26,Male,4,Male,3,Female,2,Female,2,,,,,200,40,,,,,,,,,,,,,,,,,,,,,,,,,,,,0,0,0,500,0,250,0,0,0,50,0,650,0,70,630,300,0,0
ID1142,Nyamira,Male,46,Female,43,Female,25,, ,, ,, ,,,,,240,30,50,,,,,,,0,,,,,,0,,,,,,,100,60,,,,,,0,100,0,1000,0,200,80,60,120,30,0,500,0,100,50,100,0,0
ID1144,Nyamira,Male,31,Female,27,Male,9,Female,7,Male,5,Male,4,Female,,Female,,,70,,,,,,0,,150,,,,,,0,,,,,,,,,,,,,,0,0,0,0,450,0,0,1200,200,30,0,0,0,800,0,0,0,0
ID1147,Kericho,Male,43,Female,39,Female,3,Male,2,, ,, ,,,,,150,150,,,,,,200,,,,,,,,50,,100,,,50,,1,,25,,,,,0,100,0,0,0,0,50,100,50,10,50,500,0,100,0,550,0,0
ID1148,Nyamira,Male,26,Female,21,Female,2,Female,2,Female,1,, ,,,,,,50,,,,,,,,,300,,300,,,,,,,,,,,,,,,,,0,200,0,0,0,300,200,100,150,30,0,100,200,50,0,200,0,0
ID1153,Kericho,Male,40,Female,33,Female,11,Female,8,Male,6,, ,,,,,280,30,,,,,,,,,,,,,,280,,,,,120,,200,50,50,,,,,0,200,0,0,0,100,0,0,0,30,0,0,0,0,0,100,0,0
ID1164,Nyamira,Male,43,Female,36,Male,10,Male,8,Male,6,, ,,,,,480,80,100,,,,,150,,,,,,,,100,,,,,140,,100,15,20,,,,,0,3,450,0,0,300,50,0,100,30,300,300,0,100,0,50,0,0
ID1167,Nyamira,Male,37,Female,33,Female,13,Male,10,, ,, ,,,,,,180,,,,,,,,,,,,,,0,,120,,,120,,50,15,,,,,,0,150,0,500,8,150,100,200,70,30,60,300,350,100,50,20,0,0
ID1169,Nyamira,Female,48,Male,54,Male,16,, ,, ,, ,,,,,,120,,,,,,420,,,,,,,,,,150,60,,120,,,10,20,,,,,0,200,0,0,0,50,50,350,200,30,0,300,0,400,0,200,0,0
ID1170,Nyamira,Male,51,Female,44,Male,20,Male,15,, ,, ,,,,,,30,,,,,,,,,,,,,,0,,,40,,50,,,,,,,,,0,160,0,0,0,200,0,200,40,30,120,60,0,148,1500,100,0,0
ID1178,Nyamira,Male,30,Female,24,Male,4,Male,3,, ,, ,,,,,,30,60,,,,300,90,,,,,,,,,,,,,120,,,15,20,,,,,0,320,0,0,0,300,100,60,50,30,0,1000,0,50,0,0,0,0
ID1179,Nyamira,Male,42,Female,36,Female,8,Male,6,Male,5,Male,3,,,,,,360,,,,,,0,,,,,,,,200,30,,,,,,,,,,,,,0,0,0,600,0,0,30,440,0,25,0,200,0,100,0,50,0,0
ID1180,Nyamira,Male,34,Female,30,Female,4,Male,2,Female,1,, ,,,,,,288,100,,,,,0,,,,40,,,,60,40,350,,,,120,100,,,,,,,0,80,0,0,200,0,0,200,72,35,0,400,0,40,60,100,0,0
ID1181,Nyamira,Male,45,Female,42,Male,24,Male,18,, ,, ,,,,,,60,,,,,,,,,,,,,,500,,,,,,,200,,,,,,,0,500,0,0,0,0,0,600,300,35,50,0,200,10,100,200,0,0
ID1188,Kericho,Male,26,Female,21,Female,12,Female,9,, ,, ,,,,,240,40,100,,,70,,200,,0,,,,,,100,,0,,,150,,200,15,50,,,,,0,600,0,0,0,300,0,0,0,30,0,0,0,200,0,200,0,0
ID1189,Kericho,Female,50,Male,53,Male,18,Male,14,Male,10,Male,8,,,,,560,80,,,,,,200,,,,,,,,200,,150,,,400,,400,,,,,,,200,0,0,0,0,280,0,0,0,30,0,0,0,200,0,300,0,0
ID1192,Kericho,Male,32,Female,26,Male,12,Female,9,Male,7,, ,,,,,400,300,,,,,,,,,,,,,,100,,120,,,50,,50,,,,,,,0,0,0,0,0,100,0,20,30,20,0,200,0,50,0,50,0,0
ID1194,Kericho,Female,31,Male,36,Male,9,Female,7,Male,5,Female,4,,,,,150,250,,,100,,,200,,75,,,,,,100,,120,,,100,,100,25,50,,,,,0,200,0,0,0,100,0,150,50,20,0,500,0,50,0,250,0,0
ID1196,Nyamira,Male,35,Female,31,Female,2,Female,2,Female,1,Female,1,Male,,,,,310,,,,,,400,,,,,,,,150,,150,,,100,,210,10,20,,,,,0,200,0,350,0,100,0,300,0,30,0,440,0,100,0,60,0,0
ID1199,Nyamira,Female,43,Male,46,Male,12,Female,9,Female,7,, ,,,,,,290,300,,,120,,230,,,,,,,,140,,,300,,,,,25,,,,,,0,320,0,0,0,380,0,50,0,120,0,0,0,150,0,0,0,0
ID1209,Kericho,Female,30,Male,35,Male,13,Female,10,Female,7,Male,6,,,,,,150,,,,50,,,,,,,,,,100,,,0,,50,,200,,,,,,,0,0,0,500,250,0,100,150,150,50,0,600,0,100,0,100,0,0
ID1210,Nyamira,Female,55,Male,61,Male,20,Female,15,, ,, ,,,,,,240,,,,60,,400,,60,,,,,,100,,,100,,,,100,10,,,,,,0,200,0,0,0,100,50,350,0,30,0,1000,0,40,0,200,0,0
ID1212,Nyamira,Female,51,Male,54,Male,25,Male,19,Female,14,, ,,,,,,310,,,,,,250,,50,,,,,,100,,,,,120,,120,10,,,,,,0,200,0,0,0,100,0,450,0,30,0,400,0,100,0,100,0,0
ID1213,Nyamira,Female,55,Male,61,Male,18,Male,14,Female,10,, ,,,,,,300,,,,,100,,,,,,,,,,100,,,,,120,100,,,,,,,0,200,0,0,0,0,0,360,40,35,160,200,0,200,200,200,0,0
ID1219,Nyamira,Male,34,Female,30,Female,11,Male,8,Female,6,, ,,,,,,50,,,,,,,,300,,,,,,0,,,,,,,,,,,,,,0,200,0,0,0,100,150,300,0,30,0,300,500,50,300,200,0,0
ID1240,Nyamira,Male,41,Female,37,Female,5,Male,4,Female,3,Male,2,,,,,160,20,,,,,,0,,,,,,,,0,,40,,,120,,100,30,22,,,,,0,400,0,400,0,150,0,0,0,30,0,200,0,20,0,800,0,0
ID1243,Nyamira,Male,37,Female,30,Male,2,Female,2,, ,, ,,,,,350,50,50,,,,,100,,,,,,,,,,40,,,40,,50,25,30,,,,,0,260,0,0,0,400,100,70,0,30,0,900,0,100,0,100,0,0
ID1250,Nyamira,Male,52,Female,49,Male,25,, ,, ,, ,,,,,,50,60,,,,,120,,,,,,,,,,,,,120,,100,15,,,,,,0,450,0,0,0,300,0,60,50,30,0,0,0,100,0,1000,0,0
ID1255,Nyamira,Male,41,Female,34,Male,9,Female,7,Male,5,Female,4,,,,,,50,50,,,,,,,,,,,,,,,,,,200,,100,60,20,,,,,0,300,0,0,0,1100,0,100,0,40,0,100,0,50,0,50,0,0
ID1265,Kericho,Female,49,Male,52,Female,24,Male,18,Female,14,, ,,,,,400,200,,,,,,,,,,,,,,60,,500,,,70,,,,,,,,,0,300,0,0,0,100,50,30,0,30,0,300,0,50,300,50,0,0
ID1266,Kericho,Male,53,Female,50,Male,24,Female,18,Male,14,, ,,,,,150,3,,,,,,200,,2,,,,,,,,,,,75,,100,,25,,,,,0,200,0,0,0,0,100,100,100,20,50,500,50,50,50,500,0,0
ID1279,Nyamira,Male,43,Female,36,Female,7,Male,5,Female,4,Male,3,Male,,,,,60,200,,,,,,,,,,,,,,,420,,,20,,240,,20,,,,,0,200,0,0,0,100,50,240,0,30,0,50,0,0,0,200,0,0
ID1280,Nyamira,Male,36,Female,29,Female,2,Female,2,Female,1,Female,1,Male,,,,,280,,,,,,120,,,,,,,,100,,200,,90,120,,200,10,20,,,,,0,200,0,0,0,350,0,50,50,100,0,0,0,60,0,100,0,0
ID1288,Kericho,Male,41,Female,38,Female,4,Male,3,Female,2,Female,2,,,,,210,20,,,,,,,,,,,,,,200,,,,,130,,300,10,50,,,,,0,300,0,0,0,200,0,0,0,30,0,0,0,0,0,300,0,0
ID1291,Nyamira,Male,52,Female,49,Female,18,Male,14,Male,10,, ,,,,,,240,,,,,,,,,,,,,,50,30,,,,,,50,,,,,,,0,300,0,0,0,0,150,300,80,350,0,0,200,90,0,100,0,0
ID1293,Nyamira,Female,36,Male,41,Female,6,Female,5,Male,3,Female,3,,,,,,800,,,,,,,,,,,,,,0,100,,,,,250,,,,,,,,0,300,250,0,0,0,0,300,0,50,0,0,0,60,0,50,0,0
ID1301,Kericho,Male,33,Female,30,Male,4,Male,3,, ,, ,,,,,100,100,100,,50,,,200,,30,,,,,,,,,,,100,,100,,50,,,,,0,0,0,200,0,0,0,200,50,50,50,500,0,200,200,200,0,0
ID1302,Kericho,Male,41,Female,38,Male,2,Female,2,Female,1,, ,,,,,140,2,,,,,,,,,,,,,,,,,,,150,,200,,60,,,,,0,180,0,0,0,180,0,100,200,50,100,500,0,0,0,500,0,0
ID1308,Nyamira,Female,31,Male,38,Male,8,Female,6,, ,, ,,,,,,180,,,,,80,200,,,,,,,,60,,150,80,,120,,100,10,20,,,,,0,200,0,0,0,100,0,450,0,30,0,0,0,50,0,100,0,0
ID1311,Nyamira,Male,45,Female,42,Female,17,Male,13,Male,10,Female,7,Female,,Female,,,300,,,,,,400,,50,,,,,,100,,,,,100,,100,,20,,,,,0,200,0,0,0,0,0,350,0,30,0,400,0,100,0,0,0,0
ID1313,Kericho,Male,39,Female,35,Female,2,Female,2,Female,1,Female,1,,,,,150,150,,,,,,,,,,,,,,200,,80,,,50,,100,,25,,,,,0,70,0,200,0,0,0,120,100,50,0,500,0,0,60,100,0,0
ID1316,Nyamira,Female,39,Male,45,Male,4,Female,3,Male,2,, ,,,,,,30,,,,,,0,,,,,,,,0,,,,,120,,100,20,,,,,,0,100,0,0,1000,150,0,0,0,30,0,500,0,20,0,200,0,0
ID1320,Nyamira,Female,45,Male,52,Male,25,Male,19,Male,14,Female,11,Male,,,,,900,,,,,,,,,,,,,,0,,,,,,120,,,,,,,,0,500,0,0,0,0,200,350,200,30,0,0,0,80,0,300,0,0
ID1321,Kericho,Male,53,Female,49,Male,24,, ,, ,, ,,,,,50,500,,,,,,,,,,,,,,,,,,,,,,,,,,,,0,0,0,0,0,0,0,0,0,0,0,0,0,0,0,0,0,0
ID1322,Nyamira,Male,46,Female,42,Male,22,Male,17,Female,12,, ,,,,,,250,,,,,,250,,,,,,,,0,,,,,,150,,,,,,,,0,200,0,0,0,0,0,300,0,50,0,100,0,60,0,0,0,0
ID1328,Nyamira,Male,45,Female,38,Male,24,Female,18,Male,14,, ,,,,,70,280,,,,,,,,,,,,,,100,,,,100,120,,120,10,20,,,,,0,200,0,0,0,150,0,450,50,100,0,0,0,60,0,100,0,0
ID1336,Nyamira,Female,33,Male,37,Male,7,Male,5,Female,4,Female,3,Male,,,,,360,,,,40,,100,,,,,,,,100,,,60,,,,,10,20,,,,,0,200,0,0,0,150,0,550,0,30,0,350,0,120,0,300,0,0
ID1340,Kericho,Male,34,Female,27,Male,13,Male,10,Female,7,Female,6,Female,,,,360,60,,,,,,200,,,,,,,,400,,0,,,130,,300,50,100,,,,,0,0,0,0,0,400,0,0,0,30,0,300,0,0,0,100,0,0
ID1342,Nyamira,Male,36,Female,32,Male,6,Female,5,Male,3,Male,3,,,,,,480,,,,,,,,,,,,,,50,,,,,,,,,,,,,,0,200,0,0,0,100,0,150,50,10,0,120,1000,50,0,0,0,0
ID1348,Nyamira,Female,51,Male,58,Male,22,Male,17,Male,12,, ,,,,,,400,100,,,,,140,,,,,,,,80,,,,,,,100,,,,,,,0,50,0,100,250,60,0,60,250,35,0,200,0,40,100,100,0,0
ID1364,Kericho,Male,41,Female,37,Male,7,Female,5,, ,, ,,,,,,200,,,,,,,,,,,,,,50,,100,,,50,200,,20,25,,,,,0,200,0,0,0,50,50,100,100,50,50,500,0,50,100,500,0,0
ID1365,Kericho,Female,33,Male,38,Female,8,Female,6,, ,, ,,,,,400,250,100,,,,,,,,,,,,,70,,150,,,,,100,20,,,,,,0,300,0,0,0,150,30,60,70,40,0,300,0,50,0,150,0,0
ID1366,Nyamira,Male,40,Female,37,Male,3,Female,2,Female,2,Female,1,Female,,,,,540,,,,,,120,,20,,,,,,200,,50,50,,120,,100,15,20,,,,,0,100,0,0,0,150,0,350,0,30,0,0,0,100,0,50,0,0
ID1370,Nyamira,Male,40,Female,33,Female,5,, ,, ,, ,,,,,,300,,,,,,0,,,,,,,,200,,,,,,,,,,,,,,0,0,0,800,200,0,0,300,100,35,0,200,0,50,0,200,0,0
ID1375,Nyamira,Male,37,Female,33,Male,3,Male,2,Male,2,Female,1,,,,,,560,,,,,,,,,,,,,,40,,,,,,,,,,,,,,0,0,0,0,400,50,60,150,100,0,150,0,0,80,0,50,0,0
ID1376,Nyamira,Female,36,Male,40,Male,5,Male,4,Female,3,Male,2,,,,,,660,,,,,,,,,,,,,,,,,0,,175,,,15,,,,200,,0,50,0,0,0,100,0,100,0,25,0,300,500,50,0,100,0,0
ID1378,Nyamira,Female,52,Male,59,Male,19,Male,14,Female,11,Male,8,,,,,,0,200,,250,,,200,,150,,200,,0,120,,,,0,,150,50,,,,,,,,0,150,0,0,0,150,0,150,0,20,0,0,0,200,0,200,0,0
ID1381,Nyamira,Female,48,Male,54,Male,15,Male,11,Female,9,, ,,,,,,30,100,,,,,0,,60,,,,,,0,,0,,,,120,160,,30,,,,,0,0,0,0,400,160,50,100,40,50,0,300,0,60,300,200,0,0
ID1385,Nyamira,Male,30,Female,24,Female,13,Male,10,Female,7,Male,6,,,,,,300,,,,,,,,,,,,,,50,,,,,,150,,,,,,,,0,200,0,200,0,0,80,480,150,50,0,0,0,60,0,50,0,0
ID1390,Nyamira,Female,52,Male,58,Male,19,Female,14,, ,, ,,,,,200,40,,,,,,,,,,,,,,40,,40,,,120,,50,20,,,,,,0,90,0,0,0,480,100,60,50,30,0,250,0,50,0,180,0,0
ID1391,Nyamira,Female,43,Male,49,Female,6,Male,5,Female,3,Male,3,Male,,,,,560,,,,,,,,300,,,,,,,,,,,,,,,,,,,,0,250,0,0,0,180,50,200,50,0,0,300,200,0,0,100,0,0
ID1392,Kericho,Male,32,Female,26,Male,9,, ,, ,, ,,,,,,350,,,,,,,,,,,,,,70,,300,,,70,,50,10,,,,,,0,200,0,0,0,100,50,30,50,20,0,0,0,20,0,0,0,0
ID1394,Kericho,Male,29,Female,25,Male,11,Female,8,Female,6,, ,,,,,,900,,,,,,70,,,,,,,,60,,120,,40,60,,,10,20,,,,,0,200,0,0,0,100,60,50,0,30,0,500,0,20,100,100,0,0
ID1395,Kericho,Female,54,Male,58,Male,24,Male,18,Male,14,, ,,,,,330,200,,,,0,,200,,,,,,,,0,,350,,,,,100,,10,,,,,0,0,0,0,0,100,0,100,0,15,0,0,0,50,0,0,0,0
ID1399,Nyamira,Male,32,Female,25,Female,4,Female,3,Female,2,, ,,,,,,250,220,,,,,100,,,,,,,,60,,100,500,,120,,105,10,,20,,,,0,200,0,0,0,350,0,150,0,100,0,0,0,100,0,200,0,0
ID1400,Kericho,Male,26,Female,21,Female,3,Male,2,Male,2,, ,,,,,370,250,,,,,,,,0,,,,,,70,,300,,,70,,100,10,,,,,,0,200,0,0,0,150,70,50,0,20,0,200,0,50,200,100,0,0
ID1403,Nyamira,Male,40,Female,35,Male,3,Male,2,Male,2,, ,,,,,,180,,,,,,100,,,,,,,,100,,100,,,,,100,10,20,,,,,0,200,0,0,0,100,0,250,0,30,0,200,0,50,0,50,0,0
ID1409,Nyamira,Male,27,Female,21,Female,9,Female,7,Male,5,, ,,,,,,240,100,,,,,,,,,,,,,,,,0,,,,,,,,,,,0,150,0,0,0,150,50,150,500,30,0,300,0,40,0,60,0,0
ID1414,Nyamira,Female,37,Male,42,Male,5,Male,4,Female,3,Female,2,,,,,,700,200,,,,,100,,90,,,,,,100,,,,,,140,,,,,,,,0,200,0,0,0,120,50,120,0,25,0,200,0,0,0,200,0,0
ID1422,Nyamira,Male,32,Female,27,Male,2,Female,2,, ,, ,,,,,,120,,,,,,,,,,,,,,50,,50,,,120,,120,10,20,,,,,0,200,0,0,0,100,0,350,0,50,0,400,0,50,0,0,0,0
ID1424,Nyamira,Female,45,Male,51,Male,23,Male,17,Male,13,, ,,,,,,400,,,,,,0,,,,,,,,,,,0,,,,,,,,,,,0,500,0,0,0,0,0,800,0,35,0,200,0,50,50,100,0,0
ID1428,Kericho,Male,25,Female,22,Male,2,, ,, ,, ,,,,,,0,100,,50,,,,,,,,,,,50,,180,,,60,,,,,,,,,0,0,0,500,0,150,100,50,60,30,100,500,0,50,0,0,0,0
ID1429,Nyamira,Female,25,Male,32,Male,9,Male,7,Female,5,, ,,,,,,0,,,,,,0,,75,,,150,,,45,50,150,0,,120,,100,20,30,,,,,0,200,0,0,0,100,0,100,0,20,100,0,300,150,0,100,0,0
ID1431,Nyamira,Male,25,Female,19,Male,4,Male,2,Female,1,Female,1,,,,,240,40,,,,,,,,,,,,,,,,,,,120,,,60,,,,,,0,240,0,0,0,480,0,0,0,30,0,600,0,0,0,200,0,0
ID1432,Nyamira,Male,53,Female,47,Male,20,Male,15,Female,11,, ,,,,,,350,,,,,,,,,,,,,,0,100,,,,,150,,,,,,,,0,150,0,0,0,0,0,200,100,50,0,0,0,60,0,0,0,0
ID1434,Nyamira,Female,44,Male,51,Female,11,Female,8,Male,6,Male,5,,,,,,300,,,,,,,,,,,,,,300,,,,,,,,,,,,,,0,200,0,0,0,400,0,400,0,30,0,0,0,200,0,100,0,0
ID1435,Nyamira,Male,45,Female,38,Male,24,Female,18,Male,14,Male,10,,,,,,120,,,150,,,200,,30,,,,,,50,,,120,,120,,200,15,,20,,,,0,160,0,0,0,350,50,150,0,150,0,0,0,90,0,0,0,0
ID1436,Nyamira,Female,37,Male,40,Female,8,Female,6,Male,5,, ,,,,,,0,,,,,0,0,,,,,,,,0,50,140,0,0,60,,25,20,50,,,,,0,300,0,0,0,150,0,0,0,20,120,400,0,100,150,400,0,0
ID1441,Nyamira,Female,50,Male,57,Female,15,Female,11,Male,9,, ,,,,,,210,,,,80,,80,,,,,,,,80,,100,150,,210,,120,10,20,,,,,0,1,0,0,0,300,50,80,60,50,0,300,0,30,0,20,0,0
ID1445,Nyamira,Male,33,Female,27,Female,4,Male,3,Female,2,Male,2,,,,,,320,100,,,,,160,,,,,,,,0,,,,,,,,,,,,,,0,600,0,0,0,150,0,150,0,30,0,0,0,10,0,30,0,0
ID1448,Nyamira,Female,26,Male,31,Male,9,Female,7,, ,, ,,,,,,240,,,,,,0,,,,,,,,0,,,,,,120,,,,,,,,0,0,0,0,0,0,400,450,400,30,30,0,0,40,0,150,0,0
ID1449,Kericho,Male,32,Female,26,Female,7,Female,5,Male,4,Female,3,Male,,,,100,30,,,,,,,,0,,,,,,0,,,,,230,,400,,50,,,,,0,0,0,0,0,0,0,0,0,30,0,0,0,500,0,300,0,0
ID1450,Nyamira,Female,35,Male,41,Male,2,Male,2,Female,1,, ,,,,,240,30,,,,,,,,,,,200,,,30,,,,,170,,100,,,,,,,0,300,0,700,0,150,0,0,0,30,0,0,0,0,0,40,0,0
ID1451,Kericho,Male,37,Female,34,Male,7,Male,5,Female,4,Female,3,Female,,,,300,250,,,,,,,,0,,,,,,60,,150,,,70,,100,15,20,,,,,0,300,0,0,0,100,0,0,70,20,0,200,0,50,150,100,0,0
ID1455,Nyamira,Female,42,Male,49,Male,6,, ,, ,, ,,,,,,240,100,,,,100,100,,,,,,,,50,,20,,,,200,60,,,,,,,0,200,0,0,0,0,0,300,0,30,0,100,0,50,0,100,0,0
ID1460,Nyamira,Male,53,Female,48,Male,23,Female,17,Male,13,, ,,,,,,40,100,,,,70,0,,,,,,,,80,50,0,,,250,,100,,,,,,,0,400,0,0,0,60,0,360,0,25,50,100,0,50,0,300,0,0
ID1462,Kericho,Female,42,Male,47,Female,5,Male,4,Male,3,, ,,,,,200,30,,,,,,,,,,,,,,100,,,,,130,,200,5,40,,,,,0,0,0,0,0,100,0,0,0,30,0,0,0,0,0,100,0,0
ID1466,Kericho,Female,38,Male,45,Female,7,Female,5,Male,4,Male,3,,,,,150,150,,,,,,100,,,,,,,,50,,,,,,,,,,,,,,0,100,0,0,0,0,0,100,100,30,50,500,0,50,50,500,0,0
ID1471,Kericho,Female,36,Male,41,Male,3,Male,2,, ,, ,,,,,,90,50,,50,,,,,,,,,,,30,,60,,,50,,50,10,5,,,,,0,100,0,0,0,70,50,20,20,30,0,0,0,20,70,0,0,400
ID1483,Kericho,Female,54,Male,59,Male,22,Female,17,, ,, ,,,,,,0,100,,,,,,120,,,,,,,0,50,0,,,50,,100,20,,20,,,,0,150,0,0,0,0,100,150,100,50,0,0,0,50,0,150,0,0
ID1487,Nyamira,Female,40,Male,47,Female,9,Male,7,Female,5,Male,4,,,,,,280,75,,,,,0,,,,,,,,20,0,50,0,,,80,100,,,,,,,0,400,0,0,0,0,0,150,40,25,0,500,0,60,0,50,0,0
ID1488,Nyamira,Female,44,Male,51,Female,5,Male,4,Female,3,Female,2,,,,,,260,,,,,,,,,,,,,,0,,,,,,,,,,,,,,0,150,0,0,0,0,0,150,180,5,0,100,0,20,1130,50,0,0
ID1497,Kericho,Female,42,Male,48,Male,8,Male,6,Male,5,, ,,,,,,150,,,,,,,,,,,,,,75,,200,,,50,,100,,,,,,,0,0,250,100,200,0,0,150,150,50,0,0,0,50,0,50,0,0
ID1499,Kericho,Male,49,Female,46,Male,18,, ,, ,, ,,,,,80,10,100,,,200,,,,,,,,,,,,280,,,40,,25,10,20,,,,,0,0,0,0,0,150,50,50,100,30,0,0,0,50,0,0,0,0
ID1505,Kericho,Female,35,Male,42,Female,7,Female,5,Male,4,, ,,,,,200,100,,,,,,,,,,,,,,,,,,,75,,100,20,50,,,,,0,70,0,0,0,0,0,100,50,30,0,500,0,0,0,0,0,0
ID1509,Nyamira,Female,27,Male,30,Male,2,Female,2,Female,1,Female,1,Female,,,,,800,,,,,,,,,,,,,,,0,,,,,240,,,,,,,,0,0,0,0,600,0,0,500,200,30,0,0,0,60,0,50,0,0
ID1512,Nyamira,Male,43,Female,36,Female,5,Female,4,Male,3,Female,2,,,,,,100,,,,,,,,,,,,,,0,,,,,260,,200,15,,,,,,0,400,0,0,0,550,100,30,0,30,0,200,0,80,0,300,0,0
ID1515,Nyamira,Male,53,Female,46,Male,17,Female,13,Female,10,, ,,,,,,400,,,,,,,,,,,,,,300,,,,,,,,,,,,,,0,200,0,0,0,0,100,200,0,0,0,0,500,100,0,200,0,0
ID1516,Nyamira,Female,39,Male,42,Female,4,Male,2,,,,,,,,,,250,,,,,,,,,,,,,,100,,,,,,250,,,,,,,,0,350,0,0,0,0,0,500,300,30,0,0,0,150,0,50,0,0
ID1518,Nyamira,Male,36,Female,33,Male,8,Male,6,Female,5,, ,,,,,,250,,,,350,,110,,,,,,,,40,,100,,,120,,,15,20,,,,,0,150,0,0,0,150,0,70,0,100,0,0,0,50,150,0,0,0
ID1522,Nyamira,Male,45,Female,42,Female,21,Female,16,Male,12,, ,,,,,,400,,,,,,,,,,,,,,180,,,,,,,,,,,,,,0,100,0,0,0,0,50,65,0,5,0,100,0,50,700,100,0,0
ID1526,Nyamira,Male,47,Female,44,Female,15,Male,11,, ,, ,,,,,,210,,,,,,,,,,,,,,0,,,100,,,70,50,,,,,,,0,80,0,0,0,0,0,150,40,25,8,200,200,100,500,30,0,0
ID1530,Kericho,Female,40,Male,43,Female,7,Male,5,Female,4,Female,3,,,,,,20,100,,,,,0,,,,,,,,0,,0,,,220,,100,,50,,,,,0,0,0,0,0,120,100,150,0,20,0,500,0,100,100,0,0,0
ID1537,Nyamira,Female,26,Male,31,Female,2,, ,, ,, ,,2,,,,450,,,,,,,,,,,,,,0,,,,,,250,,,,,,,,0,300,0,0,0,0,0,300,0,50,0,0,0,40,0,500,0,0
ID1539,Nyamira,Male,31,Female,24,Male,13,Female,10,, ,, ,,,,,,180,,,,,,400,,60,,,,,,60,,,,,100,,,10,,,,,,0,100,0,0,0,50,50,300,0,30,0,500,0,100,0,100,0,0
ID1541,Nyamira,Female,36,Male,39,Female,4,Female,3,Female,2,, ,,,,,,40,50,,,,,0,,0,,,,,,0,0,50,,,220,,50,10,20,,,,,0,150,0,0,0,150,100,100,100,30,0,100,0,0,0,500,0,0
ID1550,Nyamira,Female,48,Male,53,Female,18,Female,14,, ,, ,,,,,240,330,,,,,,0,,,,,,,,,,,,,,,,,,,,,,0,100,0,0,0,110,0,0,0,30,0,680,0,0,0,40,0,0
ID1551,Nyamira,Female,35,Male,40,Male,12,Male,9,, ,, ,,,,,,20,,,,,,,,,,,,,,50,,0,,,200,,100,20,,,,,,0,100,0,0,0,300,0,0,0,30,0,400,0,0,150,150,0,0
ID1554,Nyamira,Male,38,Female,33,Female,13,Female,10,, ,, ,,,,,,60,100,,,,,0,,,,,,,,,,0,150,,200,,200,20,,,,,,0,240,0,0,0,350,200,150,50,30,0,200,0,100,0,100,0,0
ID1556,Nyamira,Female,47,Male,54,Female,22,Male,17,Male,12,, ,,,,,,250,,,,,,,,,,,,,,,0,,,,,120,,,,,,,,0,200,0,0,0,0,0,200,0,30,0,400,0,20,0,100,0,0
ID1557,Nyamira,Female,50,Male,56,Female,16,Female,12,, ,, ,,,,,,10,,,,,,,,,,,,,,10,,,,,70,,,,,,,,,0,0,0,0,0,0,0,120,50,15,240,300,0,40,800,200,0,0
ID1566,Kericho,Male,32,Female,26,Female,2,Male,2,Female,1,Female,1,,,,,350,100,,,,,,,,,,,,,,500,,0,,,180,,300,50,50,,,,,0,0,0,0,0,300,0,200,0,0,0,0,0,200,0,100,0,0
ID1589,Kericho,Female,25,Male,28,Male,4,Male,2,, ,, ,,,,,,20,100,,,0,,0,,,,,,,,0,,0,,,60,,100,,60,,,,,0,100,160,0,0,128,0,0,0,20,0,500,0,100,100,200,0,0
ID1595,Nyamira,Male,48,Female,42,Female,17,Male,13,Male,10,, ,,,,,,250,,,,,,,,,,,,,,0,,,,,,100,,20,,,,,,0,0,0,600,0,0,0,300,200,50,0,0,0,50,0,50,0,0
ID1600,Nyamira,Male,31,Female,24,Female,10,Male,8,Female,6,Male,4,Male,,,,,350,,,,,,,,,,,,,,0,,,,,,200,,,,,,,,0,300,0,0,0,0,100,400,200,30,0,0,0,60,0,100,0,0
ID1603,Kericho,Female,33,Male,37,Male,7,Male,5,, ,, ,,,,,150,40,,,,,,,,,,,,,,200,,100,,,140,,200,10,50,,,,,0,500,0,0,0,0,0,0,0,30,0,0,0,0,0,50,0,0
ID1604,Nyamira,Male,39,Female,34,Female,10,Male,8,Male,6,Male,4,,,,,,280,,,,,,230,,,,,,,,100,,,60,,,,,10,,,,,,0,200,0,0,0,100,0,450,0,30,0,0,0,100,0,0,0,0
ID1606,Nyamira,Female,38,Male,43,Female,4,Male,3,Male,2,Female,2,,,,,,400,,,,,,,,,,,,,,0,,,,,,,,,,,,,,0,50,0,0,0,100,0,15,10,30,0,0,0,20,1000,50,0,0
ID1607,Nyamira,Male,38,Female,31,Male,8,Female,6,Female,5,Female,3,,,,,180,30,,,,,,,,,,,,,,200,,,,,100,,,30,,,,,,0,80,0,0,0,450,100,0,0,30,0,300,0,30,0,200,0,0
ID1611,Nyamira,Male,30,Female,23,Male,8,Female,6,Male,5,, ,,,,,,400,,,,,,,,,,,,,,100,,,,,,,,,,,,,,0,100,0,0,0,100,200,150,0,0,0,0,0,50,300,200,0,0
ID1612,Nyamira,Male,53,Female,48,Female,24,Female,18,, ,, ,,,,,,40,,,,,,0,,,,,,,,20,,0,,,120,,,,,,,,,0,0,0,0,0,150,50,300,215,5,0,300,300,20,0,200,0,0
ID1614,Kericho,Female,34,Male,40,Female,2,Female,2,Male,,,,,,,,300,100,,,,,,,,,,,,,,50,,150,,,,,50,,,,,,,0,200,0,0,0,100,30,20,0,20,0,0,0,20,0,0,0,0
ID1617,Kericho,Male,48,Female,42,Male,21,Female,16,Male,12,, ,,,,,,150,,,,,,100,,,,,,,,50,,60,,,50,,100,20,25,,,,,0,200,0,0,0,0,25,100,65,20,0,250,0,50,50,250,0,0
ID1618,Nyamira,Female,41,Male,44,Male,12,Male,9,Male,7,Male,5,,,,,160,20,,,,,,,,,,,,,,40,,,,,110,,100,15,,,,,,0,360,0,0,0,480,50,50,50,30,0,0,0,100,0,0,0,0
ID1619,Nyamira,Female,27,Male,34,Male,10,, ,, ,, ,,,,,,200,,,,,0,,,0,,,,,,0,,,,,120,,200,10,30,,,,,0,80,0,0,0,300,50,15,150,100,0,160,0,0,0,200,0,0
ID1623,Nyamira,Female,43,Male,50,Female,13,Female,10,Male,7,, ,,,,,,30,,,,,,,,,,,,,,30,,,,,,,,,,,,,,0,500,0,0,0,100,50,80,0,30,0,0,0,0,800,100,0,0
ID1625,Nyamira,Female,37,Male,41,Female,3,Male,2,Male,2,Female,1,,,,,,20,75,,,,,0,,0,,,,,,0,0,0,0,0,,210,85,30,,,,,,0,0,0,0,0,75,50,450,0,35,0,100,0,20,100,50,0,0
ID1627,Kericho,Female,37,Male,42,Male,3,, ,, ,, ,,,,,,140,,,,,,,,,60,,,,,0,,30,,,,,35,,10,,,,,0,50,0,0,0,50,20,0,0,20,40,300,100,30,0,100,0,0
ID1633,Kericho,Male,36,Female,32,Female,8,, ,, ,, ,,,,,400,250,,,,,,100,,,,,,,,70,,180,,,70,50,50,10,20,,,,,0,300,0,0,0,150,50,0,0,20,0,0,0,50,0,0,0,0
ID1634,Nyamira,Female,41,Male,45,Male,8,Male,6,Male,5,Female,3,,,,,,250,,,,,,,,,,,,,,0,,,,,,250,,,,,,,,0,300,0,0,0,0,0,300,100,30,0,0,0,50,0,20,0,0
ID1636,Nyamira,Female,28,Male,33,Female,9,Female,7,Male,5,Male,4,,,,,,350,,,,,,250,,,,,,,,0,,,,,,150,,,,,,,,0,200,0,300,0,0,0,300,200,50,0,0,0,60,0,50,0,0
ID1637,Kericho,Female,37,Male,43,Female,4,Male,3,, ,, ,,,,,300,20,,,,,,,,,,,,,,,,,,,,,,,,,,,,0,0,0,1200,0,0,0,0,0,30,0,0,0,0,0,300,0,0
ID1638,Nyamira,Female,45,Male,50,Female,18,Male,14,Male,10,, ,,,,,65,225,,,,,,,,,,,,,,,,,,,,,,,,,,,,0,160,0,0,0,150,0,150,0,30,0,0,0,30,500,0,0,0
ID1639,Nyamira,Female,38,Male,42,Female,7,Male,5,Male,4,Male,3,Male,,,,,300,200,,,,,200,,60,,,,,,50,,,,,,,,,,,,,,0,100,0,0,0,100,0,100,0,20,0,0,0,0,0,0,0,0
ID1641,Kericho,Female,41,Male,46,Female,8,Male,6,, ,, ,,,,,,400,,,,,,,,,,,,,,200,,,,,120,,200,,50,,,,,0,0,0,0,0,100,50,150,45,30,0,0,0,100,0,100,0,0
ID1642,Nyamira,Male,31,Female,27,Male,11,Male,8,Female,6,Female,5,Female,,Female,,,800,,,,,,,,,,,,,,0,,,,,,250,,,,,,,,0,300,0,0,0,0,0,500,0,50,0,0,0,60,0,20,0,0
ID1643,Kericho,Male,32,Female,25,Female,6,Female,5,Female,3,Male,3,,,,,150,150,,,,,,200,,,,,,,,100,,,,,,,,,25,,,,,0,100,0,0,0,0,50,100,50,30,0,300,0,100,50,200,0,0
ID1650,Nyamira,Female,36,Male,40,Male,13,Female,10,Male,7,, ,,,,,,30,60,,,,,0,,,,,,,,0,,,,,220,,,20,,,,,,0,150,0,0,0,100,0,100,50,5,0,400,0,30,450,0,0,0
ID1651,Nyamira,Female,43,Male,50,Female,4,Male,2,,,,,,,,,,250,,,,,,,,,,,,,,0,,,,100,,150,,,,,,,,0,300,0,300,0,0,0,300,0,50,0,0,0,30,0,20,0,0
ID1653,Kericho,Female,29,Male,32,Female,2,Male,2,, ,, ,,,,,120,,,,,,,,,,,,,,,50,,,,,50,,100,,,25,,,,0,0,0,400,0,0,50,100,50,50,0,0,0,50,0,0,0,0
ID1654,Kericho,Female,52,Male,55,Female,17,Female,13,, ,, ,,,,,,150,,,,,,,,,,,,,,50,,250,,,,,100,,25,,,,,0,0,0,0,0,50,0,100,50,50,0,0,0,50,0,250,0,0
ID1656,Nyamira,Female,40,Male,46,Male,6,Male,5,Male,3,, ,,,,,,250,,,,,,,,,,,,,,0,,,,,,250,,,,,,,,0,300,0,0,0,0,0,300,0,30,0,0,200,0,0,20,0,0
ID1658,Nyamira,Female,51,Male,54,Male,24,, ,, ,, ,,,,,,600,,,,,,,,,,350,,,,100,,75,,,,,,,,,,,,0,40,0,0,0,50,80,65,50,20,0,150,0,0,0,50,0,0
ID1660,Kericho,Female,32,Male,35,Female,3,Male,2,Male,2,, ,,,,,150,,,,,,,240,,,,,,,,45,,210,,,50,,100,50,,25,,,,0,50,0,0,0,0,50,100,0,50,0,0,0,50,0,0,0,0
ID1667,Kericho,Female,30,Male,34,Male,3,Male,2,Male,2,, ,,,,,,150,,,,,,,,45,,,,,,50,,60,,,100,,100,25,50,,,,,0,70,0,0,0,0,0,100,0,20,20,250,0,50,50,250,0,0
ID1670,Kericho,Male,54,Female,47,Male,16,Female,12,Female,9,, ,,,,,,180,,,,,,,,,,,,,,50,,60,,,50,,100,20,25,,,,,0,100,0,0,0,0,0,100,50,10,0,250,0,50,0,500,0,0
ID1672,Nyamira,Male,54,Female,49,Female,24,Male,18,Male,14,, ,,,,,400,,,,,,,100,,30,,,,,,60,,,,,,,,,,,,,,8,200,0,0,0,0,50,300,0,25,0,200,0,50,0,200,0,0
ID1676,Nyamira,Male,35,Female,30,Male,10,Female,8,Female,6,, ,,,,,,250,,,,,,,,,,,,,,100,200,,,,,250,,,,,,,,0,150,0,0,0,0,0,200,0,50,0,0,0,40,0,50,0,0
ID1677,Kericho,Female,40,Male,46,Male,10,Female,8,Female,6,Male,4,Male,,,,,0,,,100,,,,,,,,,,,,,0,,,,100,,,,,,,,0,300,0,0,0,150,0,50,150,30,0,400,0,100,150,200,0,0
ID1678,Nyamira,Male,54,Female,49,Male,18,Female,14,Female,10,, ,,,,,,350,,,,,,,,,,,,,,0,,200,,,,250,60,30,,,,,,0,200,0,0,0,0,0,150,0,50,0,0,0,40,0,50,0,0
ID1680,Nyamira,Female,27,Male,31,Female,13,Male,10,, ,, ,,,,,,240,,,,,,,,,,,,,,50,,,,,,120,,,,,,,,0,320,0,0,0,0,0,360,0,30,120,0,0,40,0,100,0,0
ID1682,Kericho,Female,37,Male,41,Male,3,Male,2,Female,2,Female,1,,,,,,280,,,50,,,,,,,,,,,60,,120,,,25,,50,10,20,,,,,0,0,0,0,0,100,60,0,0,30,0,200,0,20,70,0,0,0
ID1686,Kericho,Female,47,Male,52,Female,18,Male,14,Female,10,, ,,,,,180,30,200,,100,,,,,,,,,,,100,,,,,150,,,20,50,,,,,0,0,0,0,0,200,0,0,0,30,0,0,0,0,0,200,0,0
ID1687,Nyamira,Female,30,Male,33,Male,6,Female,5,Female,3,Female,3,,,,,,150,,,,,,,,,,,,,,100,150,,,,,250,,20,,,,,,0,200,0,0,0,0,0,250,0,50,0,0,0,30,0,50,0,0
ID1693,Kericho,Male,30,Female,23,Male,13,Male,10,, ,, ,,,,,,150,,,,,,,,,,,,,,50,,100,,,100,,100,50,25,,,,,0,100,0,0,0,0,50,100,50,20,0,500,0,0,0,250,0,0
ID1694,Kericho,Male,40,Female,33,Female,2,Male,2,Female,1,Female,1,,,,,,150,,,,,,,,,,,,,,,,0,,,150,,200,,,,,,,0,0,250,0,250,0,200,100,50,50,0,0,0,50,0,50,0,0
ID1706,Nyamira,Female,38,Male,45,Female,9,Female,7,, ,, ,,,,,,20,120,,,,,0,,,,,,,,50,,,,,,,,,,,,,,0,180,0,300,0,100,80,360,0,25,0,140,0,0,0,80,0,0
ID1708,Nyamira,Male,34,Female,29,Male,9,, ,, ,, ,,,,,160,180,100,,,,,,,,,,,,,,,,,,,,,,,,,,,0,100,0,0,0,75,0,75,0,30,75,200,0,0,0,500,0,0
ID1710,Kericho,Male,27,Female,21,Male,10,Female,8,Female,6,, ,,,,,60,350,50,,50,,,,,0,,,,,,140,25,0,,,70,0,50,10,20,,,,,0,350,0,0,0,150,100,50,50,30,0,200,0,50,0,100,0,0
ID1718,Nyamira,Male,33,Female,27,Male,13,Female,10,, ,, ,,,,,,160,60,,,,,60,,,,,,,,30,,60,0,,,50,100,15,,,,,,0,80,0,0,0,0,0,450,0,35,0,20,60,20,50,0,0,0
ID1719,Kericho,Female,39,Male,45,Male,2,Male,2,, ,, ,,,,,,0,0,,,,,,,,,,,,,,,,,,,70,100,15,,,,,,0,160,0,0,0,0,250,250,250,100,0,0,0,250,0,200,0,0
ID1720,Nyamira,Female,35,Male,41,Male,11,Female,8,Male,6,Female,5,,,,,,400,,,,,,,,,,,,,,,,,,,,,,,,,,,,0,50,0,0,0,100,50,158,300,30,0,0,0,20,0,200,0,0
ID1721,Nyamira,Female,41,Male,46,Female,11,Male,8,Male,6,Female,5,,,,,,30,180,,,,,,,,,,,,,30,,,,,,,,,,,,,,0,0,0,0,0,100,50,500,200,0,0,0,200,0,0,50,0,0
ID1725,Kericho,Female,27,Male,34,Male,9,Female,7,Male,5,Male,4,,,,,,200,,,,,,,,,,,,,,50,,60,,,50,,,25,25,,,,,0,100,0,0,0,0,0,100,50,10,0,500,0,0,0,250,0,0
ID1727,Nyamira,Female,38,Male,43,Female,11,Male,8,Male,6,Male,5,,,,,420,60,50,,,,,,,,,,,,,0,,,,,50,,50,15,20,,,,,0,50,0,0,0,350,0,0,0,30,0,300,0,50,0,0,0,0
ID1731,Nyamira,Female,30,Male,33,Female,11,Female,8,Male,6,Male,5,,,,,,300,,,,,,,,,,,,,,0,150,,,,,150,,,,,,,,0,200,0,0,0,0,0,300,0,50,0,0,0,50,0,50,0,0
ID1732,Kericho,Female,33,Male,38,Male,13,Male,10,, ,, ,,,,,240,40,,,,,,,,,,,,,,,,,,,150,,200,50,50,,,,,0,200,0,0,0,250,0,0,0,0,0,0,0,0,0,300,0,0
ID1735,Nyamira,Female,53,Male,58,Female,20,Male,15,Female,11,Male,9,Female,,,,,600,,,,,,,,,,,,,,0,0,,,,,70,100,15,10,,,,,0,0,0,0,0,0,50,70,140,35,0,0,0,240,60,100,0,0
ID1736,Nyamira,Female,51,Male,55,Female,22,Male,17,, ,, ,,,,,,0,,,,,,,,,,,,,,200,,,,,,250,100,,,,,,,0,300,0,0,0,0,0,450,100,50,0,0,0,60,0,250,0,0
ID1741,Kericho,Male,31,Female,27,Male,5,Male,4,Female,3,, ,,,,,,0,,,,0,100,,,,,,,,,200,,0,,,200,,100,,,,,,,0,300,0,0,0,150,50,50,100,30,0,300,0,30,0,150,0,0
ID1743,Nyamira,Male,47,Female,41,Female,20,Male,15,Male,11,, ,,,,,,250,,,,,,,,,,,,,,0,,,,,,250,,,,,,,,0,500,0,0,0,0,0,300,0,50,0,0,0,50,0,100,0,0
ID1748,Kericho,Male,48,Female,45,Male,24,Male,18,Female,14,Male,10,Male,,,,500,300,,,,,,,,,,,,,,100,,300,,,,,,,30,,,,,0,300,0,0,0,200,50,0,0,30,0,200,0,50,0,0,0,0
ID1752,Nyamira,Female,50,Male,56,Female,16,Male,12,, ,, ,,2,,,,250,120,,,,,120,,,,,,,,100,,60,,,120,,200,10,20,,,,,0,200,0,0,0,250,0,0,0,100,0,0,0,0,0,200,0,0
ID1753,Kericho,Male,49,Female,45,Male,19,Male,14,Male,11,, ,,,,,,180,,,,,,,,,,,,,,50,,120,,,50,100,,50,50,,,,,0,70,0,0,0,0,0,100,0,10,0,250,0,50,50,250,0,0
ID1754,Nyamira,Female,51,Male,58,Female,17,Male,13,Male,10,Male,7,Female,,,,,50,,,,,,,,,,,,,,100,,,,,150,,50,20,,,,,,0,0,0,0,0,320,100,0,0,30,0,500,0,100,0,200,0,0
ID1756,Kericho,Female,39,Male,43,Male,2,Male,2,, ,, ,,,,,,180,,,,,,,,,,,,,,50,,120,,,75,,100,25,25,,,,,0,100,0,0,0,0,0,100,0,10,0,300,0,50,0,250,0,0
ID1761,Nyamira,Male,45,Female,40,Female,25,, ,, ,, ,,,,,,240,,,,,,0,,,,,,,,0,,0,,,220,,,15,,,,,,0,40,0,500,0,140,0,150,0,35,0,0,0,0,0,20,0,0
ID1762,Nyamira,Male,41,Female,38,Female,2,, ,, ,, ,,,,,,50,200,,,,,0,,,,,,,,0,,,,,,,,,,,,,,0,0,0,0,0,0,0,600,0,35,0,200,50,0,0,50,0,0
ID1768,Kericho,Female,44,Male,48,Female,13,, ,, ,, ,,,,,350,50,,,50,,,,,0,,,,,,100,,400,,,60,,100,,20,,,,,0,0,0,0,0,150,70,50,0,30,0,200,0,50,200,50,0,0
ID1769,Nyamira,Male,30,Female,25,Female,5,Male,4,Female,3,, ,,,,,,50,50,,,,,0,,,,,,,,0,,50,,,50,,50,25,,,,,,0,0,0,0,0,550,100,0,50,30,0,200,0,50,0,150,0,0
ID1770,Nyamira,Male,36,Female,31,Female,10,Female,8,Female,6,, ,,,,,,,,,,,,,,,,,,,,,100,,,,100,,100,15,100,,,,,0,0,0,0,0,200,0,0,100,30,0,200,0,50,300,100,0,0
ID1771,Nyamira,Female,38,Male,41,Male,8,Male,6,Female,5,, ,,,,,200,30,,,,,,,,,,,,,,0,,,0,,50,,100,50,50,,,,,0,160,0,0,0,300,100,0,0,30,0,120,0,80,0,100,0,0
ID1772,Kericho,Male,46,Female,39,Female,23,Male,17,Female,13,Male,10,Female,,,,300,200,,,,,,,,,,,,,,60,,150,,,50,,,,20,,,,,0,200,0,0,0,100,50,30,0,30,0,200,0,50,0,0,0,0
ID1773,Nyamira,Female,31,Male,36,Male,3,Male,2,, ,, ,,,,,,210,100,,,,,60,,,,,,,,50,,,80,,,,100,10,20,,,,,0,160,0,0,0,200,50,100,0,50,0,200,0,20,0,50,0,0
ID1776,Kericho,Female,52,Male,57,Female,19,Female,14,, ,, ,,,,,,0,,,,,,,,,,,,,,,,0,,,80,,200,15,50,,,,,0,150,0,0,0,0,0,300,200,30,0,0,0,50,0,0,0,0
ID1778,Nyamira,Male,28,Female,23,Female,9,Male,7,, ,, ,,,,,,560,,,,,,,,,,,,,,0,,,,,120,,130,,,,,,,0,270,0,0,0,140,0,140,0,30,0,200,0,60,0,120,0,0
ID1781,Kericho,Male,39,Female,35,Male,12,Female,9,Female,7,Female,5,,,,,,20,,,,,,200,,,,,,,,,,0,,,,120,100,,50,,,,,0,400,0,0,0,100,100,100,0,0,0,200,0,50,0,0,0,0
ID1782,Kericho,Female,34,Male,38,Female,1,Female,1,Male,,,,,,,,100,30,,,,,,200,,,,,,,,200,,,,,70,,200,10,30,,,,,0,0,0,0,0,100,0,0,0,30,0,0,0,0,0,100,0,0
ID1785,Nyamira,Female,30,Male,36,Male,2,Female,2,Male,,,,,,,,,640,,,,,,,,,,,,,,0,,,,,,,,,,,,,,0,300,0,0,0,50,50,15,100,5,0,0,300,100,0,150,0,0
ID1787,Kericho,Male,28,Female,24,Male,2,, ,, ,, ,,,,,200,220,,,,,,,,,,,,,,,,,,,,,200,50,50,,,,,0,0,0,0,0,0,0,0,0,0,0,0,0,0,0,0,0,0
ID1789,Kericho,Female,31,Male,34,Male,9,Male,7,Female,5,, ,,,,,,,100,,,,,,,,,,,,,,,0,,,80,,100,10,15,,,,,0,300,0,0,0,150,60,50,100,30,0,300,0,50,150,100,0,0
ID1790,Nyamira,Female,54,Male,58,Female,19,Male,14,Female,11,Male,8,,,,,,350,250,,,,,,,,,,,,,,,,0,,,,,,,,,,,0,200,0,0,0,100,0,160,30,25,0,100,0,10,0,200,0,0
ID1793,Kericho,Male,55,Female,48,Male,25,Female,19,, ,, ,,,,,,0,30,,,,,0,,,,,,,,0,,,,,,,200,,60,,,,,0,100,0,0,0,140,100,50,0,20,0,500,0,100,0,200,0,0
ID1794,Kericho,Female,39,Male,42,Female,8,Female,6,Male,5,Female,3,,,,,210,300,,,,,,,,,,,,,,,,,,,230,,300,50,50,,,,,0,0,0,0,0,100,0,0,0,30,0,0,0,0,0,200,0,0
ID1795,Nyamira,Female,42,Male,47,Male,13,Male,10,Female,7,Female,6,,,,,,50,,,,,,,,,,,,,,200,,,,,,,,,,,,,,0,100,0,0,0,100,0,150,0,5,0,0,0,0,600,0,0,88
ID1796,Kericho,Female,27,Male,33,Male,12,Male,9,Female,7,, ,,,,,,150,,,,,,,,,,,,,,50,,50,,,50,,50,25,25,,,,,0,70,0,0,0,0,0,100,100,10,0,250,0,50,0,250,0,0
ID1798,Nyamira,Male,41,Female,37,Female,6,Female,5,Female,3,, ,,,,,,300,,,,,,100,,,,,,,,100,,,,,,100,,10,20,,,,,0,200,0,0,0,50,0,350,0,30,0,0,0,100,0,0,0,0
ID1801,Nyamira,Female,48,Male,54,Female,16,Male,12,Male,9,Male,7,Male,,,,,350,,,,,,,,,,,,,,0,,,,,,250,,,,,,,,0,300,0,0,0,0,0,450,0,30,0,0,0,60,0,50,0,0
ID1802,Kericho,Male,42,Female,37,Female,5,Female,4,, ,, ,,,,,160,200,,,,,,,,,,,,,,50,,150,,,80,,,,,,,,,0,200,0,0,0,100,30,50,50,30,0,200,0,50,0,0,0,0
ID1803,Nyamira,Male,40,Female,36,Female,12,Female,9,, ,, ,,,,,,20,100,,,,,0,,,,,,,,0,,25,,,,,,,,,,,,0,300,0,200,0,0,0,240,0,35,0,200,200,40,0,100,0,0
ID1809,Kericho,Female,36,Male,43,Male,11,Female,8,Female,6,Male,5,,,,,,10,,,50,50,,,,0,,,200,,,60,,0,,,,,,,,,,,,0,0,0,0,0,150,50,30,50,30,0,600,0,60,200,0,0,0
ID1810,Nyamira,Female,40,Male,43,Female,9,Male,7,Male,5,, ,,,,,120,20,,,,,,,,,,,,,,,,,,,100,,100,15,,,,,,0,100,0,0,0,450,100,60,50,30,0,150,0,100,0,100,0,0
ID1812,Nyamira,Female,31,Male,38,Male,12,Female,9,, ,, ,,,,,,270,300,,,,,,,,,,,,,60,,,,,,,,,,,,,,0,90,0,300,0,150,0,150,30,30,20,120,0,20,0,30,0,0
ID1816,Kericho,Female,26,Male,33,Female,6,Female,5,, ,, ,,,,,,150,,,,,,,,,,,,,,0,,210,,,50,,100,,,,,,,0,0,0,0,0,0,100,150,100,50,0,0,0,50,0,50,0,0
ID1817,Nyamira,Female,25,Male,30,Male,6,Female,5,, ,, ,,,,,300,50,50,,,,,,,,,,,,,,,,0,,110,,,25,,,,,,0,200,0,0,0,300,100,0,0,30,0,0,0,50,0,100,0,0
ID1818,Nyamira,Female,28,Male,34,Male,11,, ,, ,, ,,,,,,250,,,,,,,,,,,,,,50,50,,,,,100,,,,,,,,0,200,0,0,0,0,0,200,0,30,0,0,0,40,0,50,0,0
ID1821,Kericho,Male,47,Female,41,Female,20,Female,15,, ,, ,,,,,,0,200,,,,,,,,,,,,,,,,,,,,200,20,25,,,,,0,0,0,0,0,50,50,150,50,30,0,200,0,100,0,50,0,0
ID1824,Nyamira,Male,44,Female,40,Male,3,Male,2,Male,2,Female,1,,,,,,10,100,,,,,50,,,,,,,,,,,,,200,,300,50,,,,,,0,0,0,0,0,400,0,60,0,30,0,200,0,50,0,100,0,0
ID1830,Nyamira,Male,32,Female,29,Male,2,Female,2,Female,1,, ,,,,,,400,,,,,,,,,,,,,,80,,,,,,,,,,,,,,0,200,0,0,0,100,50,100,0,0,0,0,0,0,0,300,0,0
ID1833,Nyamira,Male,28,Female,23,Female,11,Female,8,Female,6,, ,,,,,,300,,,,,,,,,,,,,,100,,,,,,140,,,,,,,,0,0,0,0,0,0,100,400,200,50,0,0,0,60,0,50,0,0
ID1834,Kericho,Female,45,Male,52,Male,17,Female,13,Female,10,, ,,,,,200,220,,,,,,,,,,,,,,,,,,,,,200,30,50,,,,,0,350,0,0,0,0,0,0,0,0,0,0,0,0,0,0,0,0
ID1835,Nyamira,Male,35,Female,31,Male,12,Male,9,Female,7,Female,5,Female,,,,,375,,,,,,,,,,,,,,0,,,,,60,,,,,,,,,0,200,0,0,0,0,200,300,150,30,0,0,0,100,0,50,0,0
ID1836,Kericho,Female,53,Male,57,Male,20,Male,15,Female,11,, ,,,,,50,,,,,,,120,,,,,,,,,100,,,,50,,100,30,,30,,,,0,200,0,0,0,0,50,100,50,50,0,0,0,50,0,50,0,0
ID1842,Nyamira,Female,47,Male,54,Male,16,Female,12,Male,9,, ,,4,,,,270,60,,,,,,,,,,,,,60,,50,,,,,,,,,,,,0,100,0,0,0,100,0,350,0,30,0,0,0,100,0,300,0,0
ID1843,Nyamira,Female,37,Male,43,Female,9,Female,7,Female,5,Female,4,,,,,,40,,,,,,,,,,,,,,0,,,0,,,400,,,,,,,,0,360,0,0,0,0,0,240,100,40,0,0,0,50,0,200,0,0
ID1846,Kericho,Female,43,Male,50,Male,11,Female,8,, ,, ,,,,,,50,,,50,,,,,0,,,,,,50,,0,,,60,,100,15,25,,,,,0,350,0,0,0,150,70,30,0,30,0,300,0,50,0,150,0,0
ID1848,Kericho,Male,30,Female,27,Male,8,Female,6,Male,5,Male,3,Female,,,,300,30,,,,,,,,,,,,,,140,,50,,,150,,200,50,50,,,,,0,0,0,0,0,125,50,200,0,30,0,0,0,0,0,200,0,0
ID1851,Kericho,Male,47,Female,42,Female,23,Female,17,Male,13,, ,,,,,,300,,,,,,,,,,,,,,60,,160,,,60,,,,,,,,,0,250,0,0,0,100,0,0,0,20,0,200,0,50,120,0,0,0
ID1854,Kericho,Female,36,Male,40,Female,11,Female,8,Male,6,, ,,,,,100,40,,,,,,,,,,,,,,200,,,,,130,,,10,,,,,,0,500,0,0,0,0,0,0,0,30,0,0,0,0,0,50,0,0
ID1855,Kericho,Female,44,Male,51,Male,3,, ,, ,, ,,,,,,50,100,,100,,,,,,,,,,,50,,0,,,60,,100,,30,,,,,0,0,0,0,0,150,60,50,60,30,0,200,0,30,0,200,0,0
ID1857,Nyamira,Male,55,Female,49,Male,23,, ,, ,, ,,,,,,400,105,,,,,,,,,,,,,70,,,,,,,,,,,,,,0,80,0,0,0,0,70,15,0,5,0,250,0,30,0,100,0,0
ID1858,Kericho,Female,40,Male,44,Male,11,Female,8,Male,6,Male,5,Male,,,,500,,,,,,,,,,,,,,,,,,,,,,,,,,,,,0,0,0,0,0,0,0,0,0,0,0,0,0,0,0,500,0,0
ID1860,Kericho,Female,33,Male,36,Female,4,Male,2,Female,1,Female,1,,,,,,180,,,,,,,,,,,,,,,,250,,,50,,100,,,,,,,0,8,0,0,0,0,0,100,0,50,0,0,0,50,0,0,0,0
ID1861,Kericho,Female,40,Male,45,Male,9,, ,, ,, ,,,,,,0,100,,50,,,0,,,,,,,,70,,0,,,60,,300,,,,,,,0,0,0,0,0,150,60,50,50,30,100,200,0,0,0,100,0,0
ID1862,Nyamira,Female,42,Male,49,Male,9,Male,7,Female,5,Male,4,,,,,,225,,,,,,,,,,,,,,200,,,,,,,100,,,,,,,0,30,0,0,0,0,0,150,0,20,0,0,0,0,0,0,0,0
ID1865,Nyamira,Male,46,Female,40,Female,22,Male,17,Male,12,, ,,,,,,200,,,,,,,,,,,,,,50,,,,,,200,,,,,,,,0,200,0,0,0,0,0,300,100,50,0,0,0,60,0,50,0,0
ID1869,Nyamira,Female,51,Male,54,Female,22,Female,17,Female,12,, ,,,,,,380,,,,,,,,100,,,,,,,,,,,,,,,,,,,,0,300,0,0,0,0,0,150,0,30,0,0,0,20,0,50,0,0
ID1870,Kericho,Female,37,Male,44,Female,12,Female,9,Female,7,, ,,,,,,200,,,,,,,,,,,,,,50,,0,,,,,100,,,,,,,0,250,0,0,0,0,250,100,100,50,0,0,0,50,0,50,0,0
ID1878,Kericho,Female,48,Male,53,Female,21,Male,16,, ,, ,,,,,,50,,,,,,,,,,,,,,50,,,,,20,,50,,,,,,,0,50,0,0,0,0,50,50,50,10,10,250,0,50,0,250,0,0
ID1879,Kericho,Male,55,Female,48,Female,22,Female,17,Male,12,, ,,,,,300,40,,,,,,,,,,,,,,,,210,,,130,,200,50,100,,,,,0,0,0,0,0,400,0,0,0,0,0,0,0,0,0,0,0,0
ID1881,Nyamira,Female,25,Male,32,Female,3,Female,2,Male,2,, ,,,,,400,40,,,,,,,,,,,,,,,,,,,30,,25,15,,,,,,0,100,0,0,0,100,50,0,50,30,120,0,0,50,0,50,0,0
ID1884,Nyamira,Female,42,Male,47,Female,12,Male,9,Male,7,Male,5,Male,,Female,,,250,,,,,,,,,,,,,,100,,,,,,150,,,,,,,,0,300,0,0,0,0,0,150,0,30,0,0,0,60,0,20,0,0
ID1886,Kericho,Male,42,Female,39,Male,7,Female,5,Female,4,, ,,,,,300,,,,,,,400,,,,,,,,,,,,,260,,300,50,50,,,,,0,0,0,0,0,0,0,0,0,0,0,0,0,0,0,0,0,0
ID1887,Nyamira,Female,36,Male,39,Male,2,Female,2,, ,, ,,,,,,350,,,,,,,,,,,,,,0,,,,,,100,,,,,,,,0,100,0,0,0,0,0,200,0,30,0,0,0,40,0,50,0,0
ID1888,Kericho,Male,42,Female,39,Female,9,Female,7,Female,5,Male,4,,,,,,0,,,,,,,,,,,,,,140,,280,,,70,,150,,20,,,,,0,0,0,0,0,150,50,50,0,30,50,200,0,50,150,0,0,0
ID1890,Nyamira,Male,33,Female,26,Female,13,Male,10,, ,, ,,,,,80,90,,,,,,,,,,,,,,,,,,,20,,100,,,,,,,0,250,0,0,0,100,0,0,0,30,50,0,300,0,0,0,0,0
ID1891,Nyamira,Male,49,Female,45,Male,21,Male,16,Female,12,Female,9,,,,,,60,,,,,,,,,,,,,,200,50,,,,40,,50,20,,,,,,0,150,0,0,0,50,50,300,50,30,180,0,0,40,0,200,0,0
ID1892,Nyamira,Female,40,Male,44,Female,11,Male,8,Female,6,Female,5,,,,,,40,,,,,,0,,,,,,,,,,,,,120,,25,50,,,,,,0,200,0,0,0,150,100,0,100,30,100,0,0,150,0,50,0,0
ID1894,Nyamira,Male,33,Female,29,Male,5,Male,4,, ,, ,,,,,,200,,,,,50,0,,,,,,,,20,,,,20,,,,,,,,,,0,60,0,0,0,0,0,200,0,30,0,400,0,0,0,80,0,0
ID1895,Kericho,Male,25,Female,20,Female,3,Male,2,Male,2,, ,,,,,150,50,,,,,,,,,,,,,,200,,,,,,,,,,,,,,0,500,0,0,0,0,0,0,0,30,0,0,0,0,0,100,0,0
ID1899,Nyamira,Female,39,Male,42,Male,2,Male,2,Female,1,Female,1,,,,,,50,,,,,,,,150,,,,,,50,,,,,,,,,,,,,,0,50,0,0,0,0,85,300,40,30,0,0,0,50,200,200,0,0
ID1900,Nyamira,Female,48,Male,52,Female,19,Male,14,Male,11,, ,,,,,,0,,,,,,,,,,,,,,0,,,,,,230,50,,,,,,,0,200,0,0,0,0,0,200,0,50,0,0,0,40,0,50,0,0
ID1902,Nyamira,Male,31,Female,25,Male,4,Female,3,, ,, ,,,,,,210,,,,,,,,,,,,,,0,,,,,,100,,,,,,,,0,0,0,0,0,0,0,280,0,30,180,0,0,0,0,300,0,0
ID1904,Kericho,Male,39,Female,35,Female,8,Female,6,Female,5,Female,3,,,,,120,20,,,,,,200,,,,,,,,200,,,,,150,,,50,,,,,,0,200,0,0,0,0,0,0,0,30,0,0,0,0,0,100,0,0
ID1905,Kericho,Male,49,Female,45,Female,22,Male,17,, ,, ,,,,,100,50,,,,,,,,,,,,,,200,,,,,140,,200,10,50,,,,,0,0,0,0,0,120,0,0,0,30,0,0,0,0,0,100,0,0
ID1914,Kericho,Female,44,Male,47,Female,13,Female,10,Female,7,, ,,,,,250,350,,,,,,,,,,,,,,,,,,,,,,,,,,,,0,0,0,0,0,0,0,0,0,0,0,0,0,0,0,0,0,0
ID1915,Kericho,Male,49,Female,46,Female,15,Female,11,, ,, ,,,,,,210,50,,100,,,,,,,,,,,,,280,,,60,,50,15,,,,,,0,0,0,0,0,100,0,0,50,20,50,200,0,50,100,100,0,0
ID1916,Nyamira,Female,52,Male,58,Female,17,Female,13,Female,10,, ,,,,,,30,100,,,,,,,,,,,,,50,,,,,,,50,15,50,,,,,0,110,0,0,0,150,100,0,0,30,60,200,0,50,0,20,0,0
ID1918,Kericho,Female,54,Male,58,Male,21,Female,16,Female,12,, ,,,,,150,220,,,,,,,,,,,,,,,,,,,,,300,30,50,,,,,0,0,0,0,0,0,0,0,0,0,0,0,0,0,0,0,0,0
ID1919,Nyamira,Female,35,Male,42,Male,5,Male,4,Female,3,Female,2,Male,,,,,400,,,,,,,,,,,,,,70,,,,,,,,,,,,,,0,100,0,0,0,70,60,100,100,0,0,0,0,0,0,0,0,0
ID1920,Nyamira,Male,54,Female,49,Male,15,Male,11,, ,, ,,,,,,300,,,,,,0,,,,,,,,0,,,,,,60,50,20,,,,,,0,200,0,100,0,0,0,120,100,50,120,0,0,0,0,50,0,0
ID1921,Nyamira,Female,34,Male,39,Male,8,Male,6,Female,5,Male,3,,,,,75,10,75,,,,,150,,,,,,,,,,,,,50,,,15,,,,,,0,100,0,0,0,450,100,0,70,30,0,0,0,80,0,50,0,0
ID1923,Nyamira,Female,32,Male,38,Male,13,Male,10,Female,7,, ,,,,,,320,,,,,,,,,,,,,,0,,,,,,,,,,,,,,0,0,0,0,0,0,0,150,100,30,0,0,0,20,450,0,0,0
ID1924,Kericho,Female,55,Male,59,Male,18,Male,14,Male,10,, ,,,,,,150,,,,,,,,,,,,,,50,,,,,50,,,,,,,,,0,100,0,0,0,0,0,100,50,10,0,280,0,50,0,250,0,0
ID1926,Nyamira,Female,38,Male,42,Female,3,Female,2,Female,2,Female,1,,,,,,50,100,,,,,80,,,,,,,,,,0,,,120,,150,10,,,,,,0,0,0,0,0,400,150,60,0,30,0,0,0,50,0,200,0,0
ID1927,Kericho,Male,37,Female,31,Male,9,Male,7,Male,5,, ,,,,,,100,,,,,,,,,,,,,,,,150,,,20,,100,20,15,,,,,0,250,0,0,0,0,0,100,0,30,0,0,0,50,0,150,0,0
ID1928,Nyamira,Female,44,Male,50,Female,9,, ,, ,, ,,,,,,0,,,,,,0,,,,,,,,200,,0,0,,100,,100,,,,,,,0,200,0,0,0,150,0,100,0,20,0,0,0,0,0,300,0,0
ID1930,Kericho,Female,41,Male,46,Male,11,, ,, ,, ,,,,,,100,,,,,,,,,,,,,,50,,210,,,50,,100,,,,,,,0,0,0,0,0,0,0,100,0,50,0,0,0,0,0,0,0,0
ID1932,Kericho,Female,41,Male,45,Female,11,Male,8,Male,6,Male,5,,,,,,0,,,,,,,,0,,,,,,0,,0,,,70,,100,10,25,,,,,0,0,0,0,0,150,50,30,0,30,0,300,0,0,100,100,0,0
ID1934,Nyamira,Female,33,Male,36,Male,12,, ,, ,, ,,5,,,,30,,,,,,,,,,,,,,30,,0,,,,,50,15,30,,,,,0,100,0,0,0,400,100,0,0,30,50,0,0,0,0,100,0,250
ID1937,Kericho,Male,45,Female,39,Male,25,Male,19,, ,, ,,,,,280,50,50,,,,,,,,,,,,,120,,,,,80,,100,10,,,,,,0,250,0,0,0,80,0,0,0,30,0,300,0,0,0,0,0,0
ID1943,Nyamira,Female,45,Male,48,Male,24,Female,18,Male,14,Male,10,,,,,,400,,,,,,,,,,,,,,0,,,,,,100,,,,,,,,0,200,0,0,0,0,0,200,0,50,0,0,0,50,0,0,0,0
ID1947,Nyamira,Female,43,Male,48,Male,12,Female,9,Female,7,Female,5,,,,,,240,,,,,,150,,,,,,,,,0,,0,,,,25,,,,,,,0,80,0,0,0,0,0,150,0,35,0,100,0,40,0,20,0,0
ID1948,Nyamira,Female,29,Male,33,Female,11,Male,8,Female,6,, ,,4,,1,240,40,50,,,,,50,,,,,,,,30,,0,,,100,,100,15,10,,,,,0,90,0,0,0,1,150,30,50,30,0,0,0,0,0,100,0,0
ID1949,Kericho,Female,45,Male,51,Male,18,Male,14,Female,10,, ,,,,,,250,,,,,,,,,,,,,,,,,,,,,200,,50,,,,,0,0,0,0,0,0,0,0,0,0,0,0,0,0,0,0,0,0
ID1959,Kericho,Female,51,Male,55,Male,25,Male,19,Female,14,, ,,,,,100,120,,,,,,,,,,,,,,,,,,,120,,200,30,50,,,,,0,350,0,0,0,0,0,100,0,30,0,0,0,0,0,0,0,0
ID1960,Nyamira,Female,52,Male,56,Male,25,Female,19,Male,14,, ,,,,,,0,,,,,,0,,,,,,,,150,,,0,,,,,,,,,,,0,80,0,0,0,0,0,300,0,35,120,200,0,40,20,100,0,0
ID1961,Kericho,Female,43,Male,50,Female,6,Female,5,, ,, ,,,,,,300,,,,,,,,,,,,,,,,,,,,,200,50,50,,,,,0,0,0,0,0,0,0,0,0,0,0,0,0,0,0,0,0,0
ID1963,Kericho,Male,55,Female,48,Male,17,Male,13,, ,, ,,,,,,210,,,,,,,,,,,,,,70,,120,,,,,,10,20,,,,,0,0,0,0,0,100,0,50,60,20,0,200,0,50,0,100,0,0
ID1971,Nyamira,Male,48,Female,42,Female,24,Female,18,, ,, ,,,,,,20,,,,,,,,,,,,,,0,,,,,140,,,,,,,,,0,50,0,0,171,100,0,100,0,30,0,60,0,0,0,400,0,0
ID1972,Kericho,Male,34,Female,28,Male,4,Male,2,, ,, ,,,,,,400,,,,,,200,,,,,,,,100,,,,,,,100,,,,,,,0,0,0,0,0,0,0,0,0,0,0,0,0,0,0,100,0,0
ID1976,Kericho,Female,37,Male,42,Female,12,Female,9,, ,, ,,,,,,0,200,,,100,,,,,,,,,,50,,0,,,50,,100,,,,,,,0,0,0,0,0,0,50,50,50,30,0,0,200,50,0,30,0,0
ID1977,Kericho,Male,47,Female,41,Female,21,Male,16,Male,12,, ,,,,,,200,,,,,,,,,,,,,,,,,,,,,200,50,200,,,,,0,0,0,0,0,0,0,0,0,0,0,0,0,0,0,0,0,0
ID1978,Kericho,Female,45,Male,49,Female,22,Male,17,, ,, ,,,,,,0,,,,,,,,0,,,,,,60,,0,,,80,,,,,,,,,0,200,0,0,0,150,50,50,60,30,0,200,0,50,0,100,0,0
ID1979,Kericho,Female,29,Male,34,Male,7,Female,5,, ,, ,,,,,300,20,,,,,,,,,,,,,,,,,,,,,,,,,,,,0,500,0,0,0,0,0,0,0,30,0,0,0,0,0,300,0,0
ID1984,Nyamira,Male,47,Female,41,Female,20,Male,15,, ,, ,,,,,,320,,,,,,0,,,,,,,,0,,,,,,120,,,,,,,,0,0,0,0,0,0,0,200,0,30,0,0,0,40,0,0,0,0
ID1988,Nyamira,Female,35,Male,40,Female,10,Female,8,Female,6,Female,4,,,,,,0,,,,200,,,,200,,,,,,200,,,,,,,,,,,,,,0,200,0,0,0,200,0,0,0,20,0,0,0,0,0,200,0,0
ID1989,Kericho,Male,35,Female,28,Female,4,Female,3,Female,2,, ,,,,,100,40,,,,,,,,,,,,,,200,,,,,,,,,,,,,,0,500,0,0,0,0,0,0,0,30,0,0,0,0,0,0,0,0
ID1990,Kericho,Female,39,Male,43,Male,8,Female,6,Female,5,, ,,,,,,220,,,,,,,,,,,,,,,,,,,,,200,30,50,,,,,0,0,0,0,0,0,0,0,0,0,0,0,0,0,0,0,0,0
ID1991,Kericho,Female,51,Male,55,Male,20,Female,15,Female,11,, ,,,,,300,200,,,,,,,,,,,,,,,,,,,,,,,,,,,,0,0,0,0,0,0,0,0,0,0,0,0,0,0,0,0,0,0
ID1993,Kericho,Male,36,Female,32,Female,4,Female,3,Female,2,, ,,,,,,300,,,,,,,,,,,,,,0,,0,,,50,,100,,,,,,,0,150,0,0,0,0,0,150,0,30,0,0,0,50,0,50,0,0
ID1994,Kericho,Female,39,Male,44,Female,3,Male,2,Male,2,Female,1,,,,,,0,,,,,,,,,,,,,,50,,0,,,50,,200,,,,,,,0,0,0,0,0,0,100,100,100,50,0,0,0,50,0,50,0,0
ID1997,Nyamira,Male,39,Female,35,Female,9,, ,, ,, ,,,,,,400,,,,,,,,,,,,,,,,,,,,,,,,,,,,0,20,0,0,0,0,0,70,0,30,0,0,0,30,0,0,0,0
ID2000,Nyamira,Male,35,Female,32,Female,6,Female,5,, ,, ,,,,,,0,,,,,200,0,,60,,,,,,80,,,0,,100,50,,30,30,,,,,0,150,0,0,0,50,0,100,100,20,0,0,0,0,0,100,0,0
ID2002,Nyamira,Female,33,Male,36,Male,12,Male,9,Male,7,Female,5,Male,,Female,,,0,,,,150,,400,,0,,,,,,200,,,0,,120,,,,,,,,,0,100,0,0,0,100,0,0,0,15,0,0,0,0,0,0,0,0
ID2003,Nyamira,Male,46,Female,39,Female,24,Male,18,Female,14,, ,,,,,,200,,,,,,,,,,,,,,0,,,,,100,,,50,,,,,,0,200,0,0,0,0,0,150,50,50,0,0,0,50,0,0,0,0
ID2005,Nyamira,Female,45,Male,52,Female,23,Female,17,, ,, ,,,,,,100,,,,,,0,,,,,,,,30,,,,,,,,,,,,,,0,150,0,0,0,120,0,0,0,10,0,200,0,50,0,180,0,0
ID2008,Nyamira,Female,29,Male,36,Female,5,Female,4,Female,3,, ,,,,,,330,100,,,,,,,,,,,,,0,,25,,,120,,100,15,,,,,,0,50,0,0,0,80,0,80,0,35,0,0,0,0,0,20,0,0
ID2011,Nyamira,Female,33,Male,39,Female,5,Female,4,Male,3,Female,2,,,,,,200,,,,,,,,,,,,,,0,,,,,,150,,,,,,,,0,200,0,0,0,0,0,300,50,50,0,0,0,50,0,50,0,0
ID2012,Nyamira,Male,35,Female,30,Female,8,Male,6,Female,5,, ,,,,,,250,,,,,,,,,,,,,,0,,,,,,100,,,,,,,,0,0,0,0,0,0,0,300,0,30,0,0,0,40,0,50,0,0
ID2014,Nyamira,Female,30,Male,34,Female,12,Male,9,Female,7,Male,5,Female,,,,,240,,,,,,0,,,,,,,,30,,0,,,,,30,,,,,,,0,150,0,0,0,0,0,300,0,30,0,100,0,20,0,0,0,0
ID2015,Nyamira,Female,43,Male,48,Male,10,Female,8,Female,6,, ,,,,,,0,,,,,,,,,,,,,,0,50,,,,,230,,,,,,,,0,160,0,0,0,0,0,250,0,50,0,0,0,50,0,100,0,0
ID2017,Nyamira,Female,31,Male,35,Male,3,Female,2,Female,2,Female,1,Male,,,,,400,,,,,,,,,,,,,,0,,,,,,,,,,,,,,0,100,0,0,0,0,0,0,100,0,0,0,0,100,0,50,0,0
ID2019,Kericho,Male,26,Female,19,Male,7,, ,, ,, ,,,,,100,30,,,,,,,,,,,,,,200,,,,,,,,,,,,,,0,500,0,0,0,0,0,0,0,30,0,0,0,0,0,100,0,0
ID2021,Nyamira,Male,51,Female,46,Male,22,, ,, ,, ,,,,,,50,135,,40,,,,,100,,,,,,100,,,,,,,,,,,,,,0,50,0,0,0,0,0,0,0,25,0,0,200,50,0,50,0,0
ID2023,Kericho,Female,43,Male,49,Female,3,Male,2,, ,, ,,,,,200,220,,,,,,,,,,,,,,,,,,,200,,200,30,50,,,,,0,0,0,0,0,0,0,0,0,0,0,0,0,0,0,0,0,0
ID2024,Kericho,Male,46,Female,43,Female,20,Male,15,Female,11,Female,9,,,,,,3,,,,,,100,,50,,,,,,50,,,,,,50,,70,25,,,,,0,50,0,0,0,0,0,0,0,30,0,200,0,50,50,250,0,0
ID2027,Kericho,Male,43,Female,39,Female,7,Female,5,Male,4,, ,,,,,,300,,,,,,,,,,,,,,,,,,,,,300,,50,,,,,0,0,0,0,0,0,0,0,0,0,0,0,0,0,0,0,0,0
ID2028,Kericho,Male,50,Female,47,Female,17,Male,13,Female,10,Female,7,,,,,,350,,,,,,,,,,,,,,70,,,,,10,,50,15,20,,,,,0,150,0,0,0,50,0,0,0,20,0,0,0,30,60,0,0,0
ID2029,Nyamira,Male,47,Female,43,Female,19,Male,14,Male,11,, ,,,,,,240,,,,,,,,,,,,,,100,,,,,,,,,,,,,,0,100,0,0,0,0,0,100,0,0,0,0,0,60,0,100,0,0
ID2030,Kericho,Female,42,Male,46,Male,9,Female,7,Male,5,, ,,,,,200,200,,,,,,,,,,,,,,,,,,,,,,,,,,,,0,0,0,0,0,0,0,0,0,0,0,0,0,0,0,0,0,0
ID2032,Nyamira,Female,35,Male,38,Female,12,Male,9,Male,7,, ,,,,,,420,,,,,,,,,,,,,,100,,,,,,,,,,,,,,0,200,0,0,0,100,0,50,0,10,0,0,0,0,120,100,0,0
ID2034,Nyamira,Female,34,Male,37,Male,11,Female,8,Female,6,Male,5,Female,,,,,30,,,,,,,,,,,,,,100,,,,,,,,15,,,,,,0,150,0,0,0,120,50,0,0,30,0,200,0,40,0,100,0,0
ID2035,Kericho,Female,43,Male,47,Male,9,Male,7,Male,5,Female,4,,,,,,30,,,,,,,,,,,,,,50,,,,,,,50,,,,,,,0,250,0,0,0,100,0,0,0,20,0,200,0,0,90,0,0,0
ID2039,Kericho,Female,35,Male,41,Female,4,Male,2,,,,,,,,,100,30,,,,,,,,,,,,,,200,,,,,,,,,,,,,,0,0,0,0,0,100,0,0,0,30,0,0,0,0,0,50,0,0
ID2040,Nyamira,Female,35,Male,39,Male,4,Male,3,, ,, ,,,,,,0,100,,,,,100,,0,,,,,,0,,0,0,0,80,,100,20,20,,,,,0,100,0,0,0,100,0,0,0,20,50,0,150,50,0,100,0,0
ID2041,Nyamira,Female,44,Male,48,Male,12,Male,9,Female,7,Female,5,,,,,,200,,,,,,0,,,,,,,,0,,,,,,0,,0,,,,,,0,150,0,0,0,0,0,200,50,50,3,0,0,50,0,88,0,0
ID2043,Nyamira,Female,38,Male,44,Female,7,Female,5,Male,4,Female,3,,,,,,50,,,,,,,,,,,,,,0,,,,,120,,,15,,,,,,0,100,0,0,0,100,50,150,0,5,0,180,0,0,0,50,0,0
ID2044,Kericho,Male,45,Female,40,Female,18,Female,14,, ,, ,,,,,,150,,,,,,0,,,,,,,,50,,0,,,100,,100,,,,,,,100,50,0,0,0,0,0,100,0,30,0,0,0,50,0,100,0,0
ID2045,Kericho,Male,25,Female,21,Female,13,, ,, ,, ,,,,,300,20,,,,,,,,,,,,,,200,,,,,,,,,,,,,,0,0,0,0,0,0,0,0,0,30,0,0,0,0,0,300,0,0
ID2046,Kericho,Female,43,Male,50,Male,2,Male,2,Female,1,, ,,,,,200,330,,,,,,,,,,,,,,,,,,,,,200,,50,,,,,0,0,0,0,0,0,0,0,0,0,0,0,0,0,0,0,0,0
ID2047,Kericho,Female,34,Male,40,Male,4,Female,3,Female,2,, ,,,,,,150,,,,,,,,,,,,,,0,,0,,,50,,100,50,,50,,,,0,50,0,0,0,0,0,150,0,50,0,0,0,0,0,300,0,0
ID2048,Nyamira,Female,39,Male,44,Female,5,Male,4,Male,3,Female,2,,,,,,150,50,,,,,,,,,,,,,50,,,,,,50,,,,,,,,0,50,0,0,0,0,0,150,0,50,0,0,0,40,0,0,0,0
ID2049,Nyamira,Female,52,Male,56,Male,22,Male,17,Male,12,, ,,,,,,60,,,,,,,,,,,,,,40,,0,,,60,,100,,,,,,,0,0,0,0,0,400,0,30,0,30,0,0,0,50,0,150,0,0
ID2053,Nyamira,Female,34,Male,38,Female,11,Male,8,Female,6,Female,5,Male,,,,,150,,,,,,,,,,,,,,0,,,,,,150,,30,,,,,,0,100,0,0,0,0,0,150,0,50,0,0,0,0,0,0,0,0
ID2054,Kericho,Female,27,Male,30,Female,10,Male,8,, ,, ,,,,,100,100,,,,,,,,,,,,,,50,,120,,,60,,50,,25,,,,,0,70,0,0,0,0,20,0,0,3,0,0,0,0,0,0,0,0
ID2055,Kericho,Female,36,Male,43,Female,2,Female,2,, ,, ,,,,,,200,,,,,,,,,,,,,,,,,,,,,200,50,50,,,,,0,0,0,0,0,0,0,0,0,0,0,0,0,0,0,0,0,0
ID2059,Kericho,Male,25,Female,20,Female,13,Female,10,Female,7,, ,,,,,,1,,,,,,100,,,,,,,,,,60,,,75,,50,,25,,,,,0,50,0,0,0,0,0,0,8,20,0,250,0,50,0,100,0,0
ID2061,Kericho,Female,26,Male,29,Female,2,Female,2,, ,, ,,,,,,220,,,,,,,,,,,,,,,,,,,,,200,100,100,,,,,0,0,0,0,0,0,0,0,0,0,0,0,0,0,0,0,0,0
ID2062,Nyamira,Female,26,Male,32,Male,9,Female,7,Female,5,, ,,,,,,360,,,,,,,,,,,,,,0,,,,,70,,30,,,,,,,0,70,0,0,0,150,0,150,0,10,0,0,0,20,0,60,0,0
ID2068,Nyamira,Male,51,Female,46,Male,16,Female,12,Female,9,, ,,,,,,190,,,,,,,,,,,,,,60,,,,,,,,,,,,,,0,140,0,0,0,0,50,130,0,20,0,0,0,20,120,50,0,0
ID2069,Kericho,Female,30,Male,37,Female,13,Female,10,Female,7,, ,,,,,100,40,,,,,,,,,,,,,,,,,,,,,,,,,,,,0,250,0,0,0,0,0,0,0,30,0,0,0,0,0,350,0,0
ID2072,Kericho,Female,54,Male,60,Male,21,Male,16,, ,, ,,,,,250,200,,,,,,,,,,,,,,,,,,,,,,,,,,,,0,0,0,0,0,0,0,0,0,0,0,0,0,0,0,0,0,0
ID2073,Kericho,Female,27,Male,33,Female,7,Male,5,Female,4,, ,,,,,,210,,,,,,,,,,,,,,80,,120,,,30,,,10,,,,,,0,0,0,0,0,100,0,20,0,30,0,200,0,0,100,0,0,0
ID2074,Nyamira,Female,37,Male,44,Male,8,Male,6,Male,5,Male,3,,,,,,240,,,,,,,,,,,,,,,,,,,,,,,,,,,,0,50,0,0,0,0,0,100,100,30,0,0,0,0,0,100,0,0
ID2075,Kericho,Female,33,Male,36,Female,10,Female,8,Male,6,Male,,,,,,,250,,,,,,,,,,,,,,70,,,,,,,,,25,,,,,0,200,0,0,0,50,0,50,0,30,0,0,0,50,120,0,0,0
ID2077,Kericho,Female,36,Male,41,Male,4,Male,2,,,,,,,,,,150,,,,,,,,,,,,,,75,,0,,,50,,0,,,,,,,0,160,0,0,0,0,0,100,0,50,0,0,0,50,0,50,0,0
ID2082,Kericho,Female,34,Male,39,Male,6,Female,5,Male,3,, ,,,,,,120,,,,,,,,,,,,,,70,,,,,60,,100,,20,,,,,0,0,0,0,0,100,50,30,0,30,0,150,0,50,100,0,0,0
ID2083,Kericho,Female,44,Male,49,Female,6,Female,5,Male,3,, ,,,,,,150,,,,,,,,,,,,,,50,,,,,50,,100,,,25,,,,0,50,0,0,0,0,0,100,0,20,0,0,0,50,0,0,0,0
ID2084,Kericho,Female,34,Male,40,Male,6,, ,, ,, ,,,,,,150,,,,,,,,,,,,,,,,,,,50,,100,,,,,,,0,0,0,0,0,0,0,100,0,50,0,0,0,50,0,0,0,0
ID2085,Kericho,Male,41,Female,34,Female,4,Female,3,Female,2,, ,,,,,250,,,,,,,,,0,,,,,,70,,0,,,,,50,,20,,,,,0,0,0,0,0,100,0,30,50,30,0,200,0,30,0,0,0,0
ID2089,Kericho,Female,25,Male,30,Male,11,Male,8,, ,, ,,,,,100,120,,,,,,,,,,,,,,,,,,,,,200,30,50,,,,,0,0,0,0,0,0,0,0,0,30,0,0,0,0,0,0,0,0
ID2090,Kericho,Female,37,Male,41,Male,8,, ,, ,, ,,,,,,50,,,,,,,,,,,,,,,,,,,,,,30,50,,,,,0,0,0,0,0,0,0,0,0,0,0,0,0,0,0,0,0,0
ID2091,Kericho,Male,35,Female,28,Male,7,Female,5,Male,4,, ,,,,,,0,50,,,,,,,,,,,,,70,,120,,,,,100,,,,,,,0,0,0,0,0,100,50,20,0,20,0,200,0,50,0,0,0,0
ID2092,Kericho,Male,35,Female,30,Female,9,, ,, ,, ,,,,,,0,,,,,,,,,,,,,,,,,0,,130,,100,,50,,,,,0,0,0,0,300,0,0,0,0,30,0,0,0,0,0,100,0,0
ID2093,Nyamira,Female,54,Male,58,Female,19,Male,14,Male,11,, ,,3,,,,250,,,,,,,,,,,,,,,0,,,,,100,,,,,,,,0,0,0,0,0,0,0,300,0,30,0,0,0,60,0,50,0,0
ID2094,Kericho,Male,25,Female,20,Male,4,, ,, ,, ,,,,,,500,,,,,,,,,,,,,,,,,,,,,,,,,,,,0,0,0,0,0,0,0,0,0,0,0,0,0,0,0,0,0,0
ID2098,Kericho,Male,47,Female,43,Male,15,Male,11,, ,, ,,,,,,200,,,,,,,,,,,,,,,,,,,,,200,100,50,,,,,0,0,0,0,0,0,0,0,0,0,0,0,0,0,0,0,0,0
ID2099,Nyamira,Female,28,Male,32,Female,11,Female,8,Female,6,Male,5,Male,,Female,,170,190,,,,,,,,,,,,,,,,,,,,,,,,,,,,0,20,0,30,0,60,0,0,0,30,60,100,0,0,0,20,0,0
ID2100,Kericho,Male,34,Female,28,Female,12,, ,, ,, ,,,,,120,10,,,,,,,,,,,,,,,,,,,,,,,,,,,,200,200,0,0,0,0,0,0,0,30,0,0,0,0,0,0,0,0
ID2101,Nyamira,Male,48,Female,42,Male,15,, ,, ,, ,,,,,,20,,,,,,,,,,,,,,30,,,,,220,,,20,,,,,,0,60,0,0,0,0,0,100,0,0,0,200,0,10,0,0,0,0
ID2102,Kericho,Male,54,Female,48,Female,16,Male,12,, ,, ,,,,,,20,,,,,,,,,,,,,,,,,,,,,100,20,50,,,,,0,0,0,0,0,0,0,0,0,20,250,100,0,50,0,0,0,0
ID2103,Nyamira,Female,50,Male,56,Male,15,, ,, ,, ,,1,,,,0,,,,,,0,,,,,,,,50,20,,0,,100,,,,,,,,,0,100,0,0,0,100,0,100,0,10,0,0,0,0,0,200,0,0
ID2106,Kericho,Female,26,Male,31,Male,3,Male,2,, ,, ,,,,,50,50,,,,,,,,,,,,,,,,,,,,,,,,,,,,0,0,0,0,0,50,50,50,50,20,0,0,0,100,0,8,0,0
ID2108,Nyamira,Female,40,Male,44,Male,10,Female,8,Female,6,Male,4,,,,,,0,,,,,0,0,,,,,,,,0,,,0,0,80,,50,30,20,,,,,0,100,0,0,0,150,0,100,0,20,0,0,0,0,0,50,0,0
ID2109,Kericho,Female,38,Male,43,Male,9,Female,7,Female,5,Female,4,Male,,,,200,30,,,,,,,,,,,,,,,,,,,,,,,,,,,,0,200,0,0,0,0,0,0,0,30,0,0,0,0,0,50,0,0
ID2110,Kericho,Male,44,Female,39,Male,13,Male,10,, ,, ,,,,,,500,,,,,,,,,,,,,,,,,,,,,,,,,,,,0,0,0,0,0,0,0,0,0,0,0,0,0,0,0,0,0,0
ID2111,Nyamira,Female,44,Male,47,Female,8,Male,6,Male,5,Male,3,,4,,,,0,,,,,,200,,,,,,,,100,,,,,50,50,50,,,,,,,0,50,0,0,0,50,0,0,0,15,0,0,0,0,0,100,0,0
ID2112,Kericho,Female,49,Male,53,Female,21,Female,16,, ,, ,,,,,200,200,,,,,,,,,,,,,,,,,,,,,200,50,50,,,,,0,0,0,0,0,0,0,0,0,0,0,0,0,0,0,0,0,0
ID2115,Kericho,Female,45,Male,48,Male,21,Female,16,Male,12,Male,9,,,,,,110,,,,,,,,,,,,,,120,,,,,,,100,,50,,,,,0,0,0,0,0,0,100,0,0,50,0,0,0,0,0,0,0,0
ID2117,Kericho,Female,50,Male,55,Male,15,Female,11,Male,9,, ,,,,,100,120,,,,,,,,,,,,,,,,,,,,,100,30,50,,,,,0,0,0,0,0,0,0,0,0,30,0,0,0,0,0,0,0,0
ID2119,Kericho,Female,25,Male,30,Male,10,Female,8,Female,6,, ,,,,,,100,,,,,,,,,,,,,,200,,,,,,,,,,,,,,0,0,0,8,8,0,0,0,0,0,0,0,0,0,0,0,0,0
ID2120,Kericho,Male,32,Female,29,Male,13,, ,, ,, ,,,,,,300,,,,,,,,,,,,,,,,,,,,,100,,,,,,,0,0,0,0,0,0,0,0,0,0,0,0,0,0,0,0,0,0
ID2123,Kericho,Female,26,Male,33,Female,7,Female,5,, ,, ,,,,,,200,,,,,,,,,,,,,,,,,,,,,100,,50,,,,,0,0,0,0,0,0,0,0,0,0,0,0,0,0,0,0,0,0
ID2124,Nyamira,Female,49,Male,56,Female,16,Female,12,, ,, ,,,,,120,20,,,,,,,,,,,,,,,,,,,20,,50,15,,,,,,0,100,0,0,0,100,50,0,0,30,0,50,0,50,0,0,0,0
ID2125,Nyamira,Female,35,Male,38,Male,13,Male,10,Female,7,Female,6,Female,,,,,210,,,,,,,,,,,,,,,,,0,,,,,,,,,,,0,130,0,0,0,40,20,40,0,30,0,0,0,0,0,100,0,0
ID2127,Kericho,Male,34,Female,30,Male,2,Female,1,, ,, ,,,,,200,,,,,,,,,,,,,,,,,,,,,,200,30,50,,,,,0,0,0,0,0,0,0,0,0,0,0,0,0,0,0,0,0,0
ID2128,Kericho,Male,50,Female,46,Male,15,, ,, ,, ,,,,,,300,,,,,,,,,,,,,,,,,,,,,200,,50,,,,,0,0,0,0,0,0,0,0,0,0,0,0,0,0,0,0,0,0
ID2129,Kericho,Male,34,Female,27,Female,4,Male,2,,,,,,,,,,300,,,,,,,,,,,,,,70,,,,,,,,15,20,,,,,0,0,0,0,0,100,30,50,0,20,0,0,0,0,0,0,0,0
ID2130,Kericho,Female,48,Male,52,Female,18,Female,14,Female,10,, ,,,,,,10,,,,,,,,,,,,,,,,,,,,80,100,,50,,,,,0,100,0,0,0,0,100,0,0,50,0,0,0,50,0,0,0,0
ID2131,Kericho,Female,52,Male,59,Female,21,, ,, ,, ,,,,,,60,,,,,,,,,,,,,,,,,,,,,,,,,,,,200,0,0,0,0,0,0,0,0,30,0,0,0,0,0,0,0,0
ID2132,Kericho,Male,25,Female,20,Female,13,, ,, ,, ,,,,,,400,,,,,,,,,,,,,,,,,,,,,,,,,,,,0,0,0,0,0,0,0,0,0,0,0,0,0,0,0,0,0,0
ID2133,Kericho,Female,55,Male,60,Male,15,, ,, ,, ,,,,,,0,,,,,,,,,,,,,,0,,30,,,50,,100,,,,,,,0,0,0,0,0,0,50,50,50,30,0,0,0,100,0,50,0,0
ID2134,Kericho,Male,42,Female,37,Male,5,Female,4,Male,3,, ,,,,,300,,,,,,,,,,,,,,,,,,,,,,,,,,,,,0,0,0,0,0,0,0,0,0,0,0,0,0,0,0,200,0,0
ID2136,Kericho,Male,42,Female,38,Female,5,Female,4,, ,, ,,,,,100,120,,,,,,,,,,,,,,,,,,,,,100,30,50,,,,,0,0,0,0,0,0,0,0,0,0,0,0,0,0,0,0,0,0
ID2137,Kericho,Female,32,Male,38,Female,11,Female,8,Male,6,, ,,,,,,150,,,,,,,,,,,,,,50,,0,,,,,,,,,,,,0,0,0,0,0,0,0,100,0,30,0,0,0,0,0,50,0,0
ID2140,Nyamira,Female,26,Male,31,Female,5,, ,, ,, ,,,,,,,,,,,0,50,,,,,,,,10,,0,0,,,,,,,,,,,0,40,0,0,0,0,0,40,0,10,0,10,50,0,0,0,0,0
ID2141,Kericho,Female,48,Male,53,Male,18,Female,14,Male,10,, ,,,,,,200,,,,,,,,,,,,,,,,,,,,,,,,,,,,0,0,0,0,0,0,0,0,0,0,0,0,0,0,0,0,0,0
ID2143,Kericho,Female,30,Male,35,Male,7,, ,, ,, ,,,,,,120,,,,,,,,,,,,,,,,,,,,,100,30,50,,,,,0,0,0,0,0,0,0,0,0,0,0,0,0,0,0,0,0,0
ID2145,Kericho,Male,32,Female,27,Male,4,, ,, ,, ,,,,,,120,,,,,,,,,,,,,,,,,,,,,100,50,50,,,,,0,100,0,0,0,0,0,0,0,0,0,0,0,0,0,0,0,0
ID2147,Kericho,Male,42,Female,38,Male,9,Male,7,Female,5,Male,4,,,,,,120,,,,,,,,,,,,,,50,,,,,,,,,,,,,,0,100,0,0,0,0,0,100,0,30,0,0,0,0,0,8,0,0
ID2148,Kericho,Male,31,Female,24,Female,2,Female,2,, ,, ,,,,,,220,,,,,,,,,,,,,,,,,,,,,,,,,,,,0,0,0,0,0,0,0,0,0,0,0,0,0,0,0,0,0,0
ID2149,Kericho,Female,52,Male,58,Female,20,Female,15,, ,, ,,,,,,120,,,,,,,,,,,,,,,,,,,,,200,50,50,,,,,0,0,0,0,0,0,0,0,0,0,0,0,0,0,0,0,0,0
ID2151,Kericho,Male,31,Female,25,Male,8,, ,, ,, ,,,,,,120,,,,,,,,,,,,,,,,,,,100,,100,30,50,,,,,0,0,0,0,0,0,0,0,0,0,0,0,0,0,0,0,0,0
ID2152,Kericho,Female,28,Male,31,Male,11,Female,8,, ,, ,,,,,,300,,,,,,,,,,,,,,,,,,,,,,,,,,,,0,0,0,0,0,0,0,0,0,0,0,0,0,0,0,0,0,0
ID2153,Kericho,Male,50,Female,47,Female,20,Female,15,Male,11,, ,,,,,,100,,,,,,,,,,,,,,,,,,,,,100,,50,,,,,0,0,0,0,0,0,0,0,0,0,0,0,0,0,0,0,0,0
ID2154,Kericho,Female,55,Male,60,Male,17,, ,, ,, ,,,,,,250,,,,,,,,,,,,,,,,,,,,,,,,,,,,0,0,0,0,0,0,0,0,0,0,0,0,0,0,0,0,0,0
ID2155,Kericho,Male,43,Female,38,Male,7,, ,, ,, ,,,,,150,100,,,,,,,,,,,,,,,,,,,,,,,,,,,,0,0,0,0,0,0,0,0,0,0,0,0,0,0,0,0,0,0
ID2156,Kericho,Female,44,Male,51,Male,2,Female,2,, ,, ,,,,,,200,,,,,,,,,,,,,,,,,,,,,,,,,,,,0,0,0,0,0,0,0,0,0,0,0,0,0,0,0,0,0,0
ID2157,Kericho,Male,30,Female,24,Female,5,Male,4,Female,3,, ,,,,,300,,,,,,,,,,,,,,,,,,,,,,,,,,,,,0,0,0,0,0,0,0,0,0,0,0,0,0,0,0,0,0,0
ID2158,Kericho,Female,46,Male,52,Male,24,Female,18,, ,, ,,,,,300,30,,,,,,,,,,,,,,,,,,,,,,,,,,,,0,0,0,0,0,0,0,0,0,0,0,0,0,0,0,0,0,0
ID2159,Kericho,Female,29,Male,32,Female,9,Female,7,Female,5,, ,,,,,,0,,,,,,,,,,,,,,,,,,,,,200,,50,,,,,0,0,0,0,0,0,0,100,0,0,0,0,0,0,0,0,0,0
ID2160,Kericho,Male,31,Female,27,Female,3,Female,2,Male,2,Female,1,Female,,,,100,30,,,,,,,,,,,,,,100,,,,,,,,,,,,,,0,0,0,0,0,0,0,0,0,30,0,0,0,0,0,0,0,0
ID2161,Kericho,Male,37,Female,32,Male,13,, ,, ,, ,,,,,180,20,,,,,,,,,,,,,,,,,,,,,,,,,,,,0,0,0,0,0,0,0,0,0,0,0,0,0,0,0,0,0,0
ID2162,Kericho,Female,47,Male,54,Male,15,, ,, ,, ,,,,,300,40,,,,,,,,,,,,,,,,,,,,,,,,,,,,0,0,0,0,0,0,0,0,0,0,0,0,0,0,0,0,0,0
ID2163,Kericho,Male,50,Female,43,Female,18,, ,, ,, ,,,,,,200,,,,,,,,,,,,,,,,,,,,,,,,,,,,0,0,0,0,0,0,0,0,0,0,0,0,0,0,0,0,0,0
ID2164,Nyamira,Female,54,Male,58,Male,15,Female,11,Male,9,, ,,,,,,70,,,,,,,,,,,,,,0,,,,,,,,,,,,,,0,10,0,8,0,0,0,20,0,5,0,0,0,10,0,0,0,0
ID2165,Kericho,Male,40,Female,34,Male,6,Female,5,Male,3,Female,3,,,,,,300,,,,,,,,,,,,,,,,,,,,,,,,,,,,0,0,0,0,0,0,0,0,0,0,0,0,0,0,0,0,0,0
ID2166,Kericho,Female,55,Male,59,Female,25,, ,, ,, ,,,,,,200,,,,,,,,,,,,,,,,,,,,,,,,,,,,0,0,0,0,0,0,0,0,0,0,0,0,0,0,0,0,0,0
ID2251,Kericho,Female,27,Male,33,Male,3,, ,, ,, ,,,,,60,210,100,,50,,,600,,,,,,,,,,,,,70,,100,,75,,,,,0,70,0,0,0,1,140,0,0,50,0,500,800,100,0,100,0,0
ID2272,Nyamira,Male,36,Female,33,Male,11,Male,8,Male,6,, ,,,,,,50,,,,,,,,,,,,,,50,,,,,,,,,,,,,,0,200,0,0,0,0,0,150,0,30,0,0,0,20,5000,100,0,0
ID2273,Kericho,Female,42,Male,46,Male,10,Male,8,Male,6,Male,4,Male,,,,70,10,,,,,,,,,,,,,,,,,,,,,,,,,,,,0,400,0,0,0,0,0,0,0,30,0,0,0,0,0,300,0,0
ID2276,Nyamira,Female,31,Male,34,Male,13,Male,10,Male,7,Male,6,,,,,,30,,,,,,,,,,,,,,100,,,,,,,,,,,,,,0,200,0,0,0,65,400,150,100,10,0,0,0,500,30,100,0,0
ID2277,Kericho,Male,38,Female,33,Female,7,Female,5,Female,4,, ,,,,,,0,,,,,,,,,,,,,,0,,80,,,25,,,,25,,,,,0,0,0,0,0,80,0,0,0,15,0,300,0,0,0,200,0,0
ID2278,Nyamira,Female,34,Male,40,Female,3,Male,2,, ,, ,,,,,,60,,,,,70,0,,,,,,,,,,,,,,,,,,,,,,0,100,0,0,0,0,0,150,0,5,0,600,600,20,1900,250,0,0
ID2279,Nyamira,Female,37,Male,43,Male,10,Female,8,, ,, ,,,,,,20,,,,,,,,,,,,,,60,,,,,,,,,,,,,,0,200,0,0,0,150,0,150,150,30,0,0,0,50,350,0,0,0
ID2282,Nyamira,Female,39,Male,42,Male,7,Female,5,Male,4,, ,,,,,50,,,,,,,,,,,,,,,0,,,,,,,,,,,,,,0,70,0,0,0,120,150,20,0,5,0,0,0,50,0,0,0,0
ID2283,Kericho,Male,42,Female,38,Male,13,Male,10,Male,7,, ,,,,,100,15,,,,,,,,,,,,,,,,,,,,,,,,,,,,0,100,0,0,0,0,0,0,0,0,0,0,1000,0,0,300,0,0
ID2285,Nyamira,Male,31,Female,28,Female,4,Female,3,, ,, ,,,,,,30,100,,,,,,,,,,,,,,,,0,,,,,,,,,,,0,200,0,0,0,150,30,150,0,60,0,1000,0,0,0,0,0,0
ID2288,Nyamira,Female,55,Male,59,Female,21,Female,16,Female,12,Male,9,,,,,,30,,,,,,,,,,,,,,40,,,,,120,,,15,,,,,,0,200,0,0,0,600,100,0,0,30,350,0,0,50,0,100,0,0
ID2291,Nyamira,Male,36,Female,30,Male,11,Male,8,, ,, ,,,,,,0,,,,,,0,,,,,,,,50,,,0,,50,,,20,,,,,,0,100,0,0,0,50,0,100,0,20,0,0,0,0,0,150,0,0
ID2292,Nyamira,Female,42,Male,47,Male,9,, ,, ,, ,,,,,60,10,,,,,,,,,,,,,,,,,,,,,,,,,,,,0,50,0,0,0,50,0,0,0,30,0,0,0,50,0,0,0,0
ID2294,Nyamira,Female,26,Male,31,Male,2,Female,2,Female,1,Female,1,Male,,Female,,,60,,,,,,0,,,,,,,,0,,,,,30,,60,15,,,,,,0,160,0,0,0,180,100,0,0,30,0,250,0,120,0,100,0,0
ID2295,Nyamira,Female,53,Male,57,Male,19,, ,, ,, ,,,,,,50,,,,,,,,,,,,,,40,,,,,,,,,,,,,,0,200,0,0,0,100,100,0,0,0,0,0,0,0,200,100,0,0
ID2296,Nyamira,Female,28,Male,32,Female,5,Female,4,Male,3,, ,,,,,,120,,,,,,,,,,,,,,0,,,,,,,,,,,,,,0,200,0,0,0,100,0,150,300,20,0,500,0,0,640,200,0,0
ID2298,Nyamira,Female,32,Male,38,Female,5,Female,4,Female,3,Male,2,,,,,,60,,,,,,0,,,,,,,,,20,,,,50,,,,,,,,,0,100,0,0,0,200,0,200,0,30,0,0,0,0,0,100,0,0
ID2350,Nyamira,Male,42,Female,36,Male,9,Male,7,Male,5,Male,4,Female,,,,50,,,,,,,,,,,,,,,30,,,,,,,,,,,,,,0,0,0,0,0,50,0,0,0,20,0,0,200,100,1200,150,0,0
ID2356,Kericho,Female,37,Male,43,Female,3,Female,2,, ,, ,,,,,,0,,,,,,,,,,,,,,0,,0,,,50,,0,,,,,,,0,0,0,0,0,0,100,150,50,50,0,0,0,50,0,50,0,0
ID2357,Kericho,Female,27,Male,30,Female,9,Female,7,Male,5,, ,,,,,,0,50,,,,,,,0,,,,,,0,,,,,,,,10,20,,,,,0,0,0,0,0,150,50,30,0,20,100,200,0,50,0,100,0,0
ID2358,Nyamira,Female,32,Male,37,Female,11,Male,8,Female,6,Female,5,,,,,,40,,,,,,0,,,,,,,,0,,,,,,,,,,,,,,0,160,0,0,0,0,100,250,0,35,0,300,0,40,100,100,0,0
ID2360,Nyamira,Male,30,Female,27,Male,11,Female,8,Female,6,, ,,,,,,20,,,,,,,,,,,,,,50,,,,,,,,,,,,,,0,50,0,0,0,0,0,150,0,0,0,0,0,0,0,50,0,0
ID2361,Nyamira,Female,33,Male,40,Female,4,Male,2,Female,1,Female,1,,,,,,20,,,,,,,,,,,,,,40,,,,,,,,,,,,,,0,150,0,1200,0,75,50,120,0,30,0,60,0,0,0,100,0,0
ID2365,Nyamira,Female,36,Male,43,Female,12,Male,9,, ,, ,,,,,,30,,,,,,,,,,,,,,50,,,,,,,,,,,,,,0,200,0,0,0,100,0,150,100,30,0,0,0,30,0,0,0,0
ID2366,Nyamira,Female,39,Male,46,Female,2,Female,2,Male,,,,,,,,,0,,,,,,,,,,,,,,50,,,,,,,,,,,,,,0,50,0,0,0,0,0,50,0,20,0,0,0,0,0,100,0,0
ID2367,Nyamira,Female,44,Male,48,Female,5,Female,4,Male,3,, ,,,,,,40,,,,,,,,,,,,,,,,,,,,,,,,,,,,0,100,0,0,0,0,0,150,100,0,0,0,0,50,0,50,0,0
ID2368,Nyamira,Female,47,Male,52,Female,17,Male,13,Male,10,, ,,,,,,20,,,,,,,,,,,,,,0,,,,,,,,,,,,,,0,50,0,0,0,100,50,150,200,0,0,0,0,20,3500,0,0,0
ID2369,Nyamira,Female,54,Male,60,Male,20,Male,15,Male,11,, ,,,,,,50,,,,,,,,,,,,,,0,,,,,,,,,,,,,,0,100,0,100,0,100,50,150,50,5,0,200,0,200,600,50,0,0
ID2371,Nyamira,Male,54,Female,48,Female,23,Male,17,, ,, ,,,,,,40,,,,,,,,,,,,,,0,,,,,,,,,,,,,,0,30,0,0,0,0,0,100,0,30,0,0,0,0,0,0,0,0
ID2372,Nyamira,Female,34,Male,40,Female,5,Female,4,Female,3,, ,,,,,,50,,,,,,,,,,,,,,,,,,,,,,,,,,,,0,0,0,0,0,0,100,150,0,30,0,0,0,50,5000,50,0,0
ID2373,Nyamira,Female,34,Male,37,Male,3,Male,2,Male,2,Female,1,Male,,,,,40,,,,,,0,,,,,,,,0,,,,,,,,,,,,,,0,200,0,0,0,0,100,150,50,10,0,200,200,50,300,50,0,0
ID2375,Nyamira,Male,48,Female,45,Female,15,Male,11,Male,9,Male,6,,,,,,30,,,,,,,,,,,,,,0,,0,,,,,,,,,,,,0,150,0,0,0,150,100,150,150,30,0,0,0,200,0,100,0,0
ID2376,Nyamira,Male,36,Female,32,Female,5,Female,4,Female,3,, ,,,,,,40,,,,,,,,,,,,,,0,,,,,,0.5,,,,,,,,0,160,0,0,0,0,0,280,50,30,0,0,0,80,0,100,0,0
ID2377,Nyamira,Male,26,Female,20,Male,5,Female,4,, ,, ,,,,,,30,,,,,,0,,,,,,,,0,,,,,,,,,,,,,,0,140,0,700,0,0,0,450,0,60,0,2000,0,30,600,100,0,0
ID2380,Kericho,Female,36,Male,41,Female,12,Female,9,, ,, ,,,,,,30,,,,,,,,,,,,,,,,,,,,,,,,,,,,0,0,0,0,0,150,0,0,0,30,0,0,0,0,0,300,0,0
ID2381,Nyamira,Female,33,Male,38,Male,9,Female,7,, ,, ,,,,,,20,,,,,,,,,,,,,,,,,,,,,,,,,,,,0,50,0,0,0,0,0,100,0,30,0,0,0,20,0,50,0,0
ID2382,Nyamira,Male,50,Female,43,Female,20,Female,15,, ,, ,,,,,,20,,,,,,,,,,,,,,0,,,,,,,,,,,,,,0,0,0,0,250,0,0,100,100,0,0,0,0,20,0,0,0,0
ID2386,Kericho,Female,49,Male,54,Female,22,Female,17,Female,12,Male,9,,,,,,0,,,,,,,,,,,,,,,,,,,,,,,,,,,,0,0,0,0,0,200,200,500,200,30,0,0,0,200,0,500,0,0
ID2395,Nyamira,Female,34,Male,37,Male,12,Male,9,Male,7,Female,5,,,,,,0,,,,,,,,,,,,,,0,,,,,,,,,,,,,,0,0,0,0,0,0,0,130,150,30,150,0,0,0,0,40,0,0
